ImageNumber,ObjectNumber,AreaShape_Area,AreaShape_Center_X,AreaShape_Center_Y,AreaShape_Center_Z,AreaShape_Compactness,AreaShape_Eccentricity,AreaShape_EulerNumber,AreaShape_Extent,AreaShape_FormFactor,AreaShape_MajorAxisLength,AreaShape_MaxFeretDiameter,AreaShape_MaximumRadius,AreaShape_MeanRadius,AreaShape_MedianRadius,AreaShape_MinFeretDiameter,AreaShape_MinorAxisLength,AreaShape_Orientation,AreaShape_Perimeter,AreaShape_Solidity,Location_Center_X,Location_Center_Y,Location_Center_Z,Number_Object_Number
1,1,399,768.0,0.0,1.0,1.9717689681936492,0.8973934976087243,1.0,0.403030303030303,0.32787645245594027,40.962574931159544,45.880278987817846,8.94427190999916,3.030165810261952,2.8284271247461903,20.011485466146627,18.07396324169058,27.387333916688895,123.66200000000005,0.6791489361702128,770.6441102756892,8.443609022556391,0,1
1,2,1118,291.0,33.0,1.0,1.3502319485857364,0.8687378686197861,1.0,0.5733333333333334,0.5458862526421799,55.53475780850077,53.74011537017761,11.40175425099138,4.915488682163124,4.47213595499958,28.01284964481354,27.504819631771362,24.205274162010113,160.4259999999999,0.8901273885350318,280.44543828264756,31.541144901610018,0,2
1,3,1192,661.0,20.0,1.0,1.6867142346740234,0.8629003480937258,1.0,0.4775641025641026,0.4367965485786698,63.81549394934693,65.25335240430181,14.7648230602334,4.907274055231043,4.0,34.96203326421465,32.25069834530577,75.53685200649679,185.18399999999986,0.7697772037455601,662.7365771812081,26.370805369127517,0,3
1,4,1502,564.0,85.0,1.0,2.4513720147406364,0.9593241981462242,1.0,0.5231626610936956,0.3779763788177329,93.06755324883645,86.97700845625813,11.180339887498949,4.325515055329537,4.0,27.40982339012202,26.27359548082206,82.6721427496481,223.46399999999957,0.7538268506900877,561.245672436751,65.30958721704394,0,4
1,5,961,177.0,50.0,1.0,1.0987033001591542,0.38041549968709354,1.0,0.5747607655502392,0.7017323750487451,38.071975972684534,43.18564576337837,13.92838827718412,5.2132801269096705,4.47213595499958,35.35533905932738,35.20956046388289,10.003981099279292,131.18400000000005,0.9213806327900288,177.58792924037462,48.4786680541103,0,5
1,6,480,95.0,80.0,1.0,1.0910006566651906,0.6814549165873338,1.0,0.6956521739130435,0.7531857335335163,29.502193520524557,30.083217912982647,9.899494936611665,3.902806955653313,3.605551275463989,22.0,21.59147811243992,-84.3051814061063,89.49000000000004,0.916030534351145,95.64375,81.41041666666666,0,6
1,7,544,925.0,89.0,1.0,2.0874938150401117,0.9528721192669143,1.0,0.42868400315208827,0.4602575138420177,51.44400185467712,50.15974481593781,7.615773105863909,3.089674109469702,2.8284271247461903,16.91835598486949,15.606682782743304,58.68063505100314,121.87200000000006,0.8375673595073133,931.8860294117648,97.29595588235294,0,7
1,8,878,482.0,115.0,1.0,1.4549147989258315,0.8346360491279405,1.0,0.5119533527696793,0.4190960384631148,49.94556361228272,50.0,8.602325267042627,3.676876381866974,3.605551275463989,29.45559780098856,27.510108271682686,-25.323956272150426,162.25399999999993,0.7892134831460674,478.25740318906605,118.43394077448747,0,8
1,9,3204,782.0,118.0,1.0,5.355563524799489,0.957930236972378,1.0,0.1655813953488372,0.08662726964286685,200.53430745030298,194.3707796969493,8.602325267042627,3.1965624671948447,2.8284271247461903,59.63360202975503,57.55357719950912,30.629482913276444,681.7479999999971,0.4346764346764347,844.8642322097378,158.42665418227216,0,9
1,10,1200,613.0,115.0,1.0,2.0601568839181565,0.8992445207490765,1.0,0.39344262295081966,0.2551902451291999,72.62535197196594,70.7248188403477,11.313708498984761,3.7130203045687313,3.1622776601683795,32.07023542164915,31.769693707698128,38.153520415502236,243.0879999999995,0.7444168734491314,626.9841666666666,123.95416666666667,0,10
1,11,1071,286.0,125.0,1.0,2.517670526482753,0.9237966005641353,1.0,0.4270334928229665,0.30363711139886707,77.30636681097135,65.27633568147036,9.0,3.406903703098305,3.1622776601683795,34.12977562420263,29.599338981349952,-7.519970305862415,210.5339999999997,0.5913859745996688,308.71335200746967,119.00186741363213,0,11
1,12,417,939.0,135.0,1.0,4.315700617604407,0.9915245065672353,1.0,0.18733153638814015,0.2385176824840632,67.06960135267438,65.60487786742691,4.47213595499958,2.1089508668180845,2.0,8.901904427650546,8.713668792330305,51.47481317030438,148.22199999999998,0.8467005076142132,937.5659472422062,133.68585131894486,0,12
1,13,971,182.0,152.0,1.0,1.2830187916867952,0.8204910543593714,1.0,0.5828331332533013,0.5588001928021611,48.8886446363322,49.72926703662542,13.0,4.76513478604034,4.123105625617661,30.314428664827744,27.947651553820474,-14.411071967589944,147.76999999999995,0.8359879466207492,186.1771369721936,152.53656024716787,0,13
1,14,630,83.0,157.0,1.0,1.0788030937499935,0.7011236560769696,1.0,0.6923076923076923,0.7476285889222097,33.89587330639103,34.713109915419565,11.704699910719626,4.528049150796615,4.123105625617661,23.730052351720268,24.169103455159906,-89.88711815095614,102.90400000000004,0.9210526315789476,82.77777777777777,159.12222222222223,0,14
1,15,1362,409.0,159.0,1.0,2.059483328801952,0.8869875718521578,1.0,0.4157509157509158,0.3102432142145823,76.65207078507908,69.1158447825099,11.045361017187261,3.9131543599608256,3.605551275463989,37.2072845350465,35.39741234246152,-33.55925235440471,234.87799999999964,0.6712666338097584,397.2033773861968,166.51908957415566,0,15
1,16,365,723.0,209.0,1.0,2.1550881277471183,0.9632297889093018,1.0,0.3862433862433862,0.4812116687401792,43.2271599599375,41.617304093369626,5.830951894845301,2.58650758463959,2.23606797749979,12.118985573089635,11.614227594329266,33.354302786887416,97.63000000000005,0.935897435897436,718.7479452054795,208.13424657534247,0,16
1,17,580,77.0,235.0,1.0,1.5947470581180223,0.9194854358492118,1.0,0.43543543543543545,0.498868912389196,45.16899622741172,40.80441152620633,7.810249675906654,3.470217165236201,3.1622776601683795,19.043148621852488,17.75701956854341,-43.217576050527015,120.87200000000007,0.8573540280857352,76.90689655172413,234.15344827586208,0,17
1,18,482,154.0,233.0,1.0,1.1564035395310757,0.7920632895570823,1.0,0.7172619047619048,0.7436725131235843,32.18769294242594,32.01562118716424,10.0,3.919059950006127,3.605551275463989,20.0,19.648622370093317,13.866096025879228,90.24800000000003,0.926923076923077,155.94605809128632,233.8423236514523,0,18
1,19,1180,860.0,265.0,1.0,3.6606953782125564,0.7063216795063685,1.0,0.22536287242169595,0.1565328298039975,85.4966164471178,78.84795495128583,6.0,2.5893723824436337,2.23606797749979,60.57479453109252,60.52228635073454,-23.4207385677885,307.7819999999992,0.37555697008274985,877.3601694915254,257.6593220338983,0,19
1,20,1327,343.0,264.0,1.0,1.6521449796344554,0.9173783747414036,1.0,0.4183480453972257,0.4596793400800157,69.36308122827315,68.96375859826666,14.866068747318506,5.148428782617787,4.242640687119285,30.210253618809645,27.60763193598457,41.83557704337498,190.4639999999997,0.793423019431988,350.05199698568197,270.20422004521475,0,20
1,21,696,606.0,285.0,1.0,1.4570576648533062,0.9082728394810127,1.0,0.5374517374517375,0.6620055103300749,46.877345951667756,43.93176527297759,9.486832980505138,4.092249798485338,3.605551275463989,19.60859611038277,19.612466949251434,39.14778241928199,114.94200000000006,0.9567010309278351,599.0474137931035,280.35632183908046,0,21
1,22,328,34.0,306.0,1.0,2.2790596124935054,0.9491768074709882,1.0,0.5061728395061729,0.42343219704899426,41.62681425123492,35.6931365951495,6.324555320336759,2.520193183431757,2.23606797749979,13.787307577971271,13.10176374691008,-78.67062973910603,98.66200000000003,0.7130434782608696,35.603658536585364,297.9390243902439,0,22
1,23,3573,210.0,307.0,1.0,1.8094197363710822,0.5899722683374985,1.0,0.4045516304347826,0.23283102014490797,99.68413199516327,110.45361017187261,13.45362404707371,5.400453116739135,5.0,82.02674697095371,80.4873116290568,-38.6527187780224,439.13799999999867,0.6118150684931507,228.4788692975091,308.597257206829,0,23
1,24,361,156.0,306.0,1.0,1.445913562754817,0.7681299887771227,1.0,0.5776,0.46149465026159875,30.737322359081894,28.319604517012593,5.830951894845301,2.534328221034775,2.23606797749979,18.910420407806907,19.680921016096217,37.15390371233091,99.14600000000004,0.7986725663716813,148.42105263157896,302.1662049861496,0,24
1,25,463,724.0,317.0,1.0,2.9035282617711013,0.9759373482333633,1.0,0.35615384615384615,0.34532505266485886,57.1333939637541,53.71219600798314,6.4031242374328485,2.5481747287981333,2.23606797749979,15.45469821380034,12.458000725297516,21.432499956763092,129.80200000000005,0.7559183673469387,714.9611231101512,312.9892008639309,0,25
1,26,473,330.0,329.0,1.0,1.9136875645567026,0.9393822519433108,1.0,0.4215686274509804,0.5030508840864886,45.41570721550887,40.80441152620633,7.0,2.9300695575012834,2.8284271247461903,16.401679619466496,15.571759552408324,-43.7085763491512,108.70000000000006,0.8211805555555556,330.24524312896403,331.507399577167,0,26
1,27,801,551.0,339.0,1.0,1.4895660912753395,0.8243153468069351,1.0,0.4651567944250871,0.3886007122314163,47.96015658672228,53.150729063673246,9.486832980505138,3.75634347077576,3.1622776601683795,28.75062541125778,27.151727166781406,25.748905850104588,160.94199999999995,0.7750362844702468,556.9051186017479,340.3520599250936,0,27
1,28,406,985.0,348.0,1.0,3.0228442595337603,0.9671955790979112,1.0,0.3147286821705426,0.30523399414399005,54.15921446388787,50.47771785649585,5.0,2.237463607033443,2.0,14.787722955752047,13.758222044531854,62.63675534269488,129.28600000000006,0.6863905325443787,993.5418719211823,363.01477832512313,0,28
1,29,327,867.0,365.0,1.0,1.2108186167820394,0.7961751739510216,1.0,0.654,0.7709753778775215,27.21066992877861,26.40075756488817,8.0,3.2009845690187264,2.8284271247461903,17.170070493586127,16.46425633849703,-64.21150395707397,73.00600000000003,0.9070735090152566,865.4373088685015,366.782874617737,0,29
1,30,667,115.0,368.0,1.0,1.2034268955024658,0.7608141835193379,1.0,0.5881834215167548,0.6268947699865632,37.940014888444345,41.30375285612676,10.816653826391969,4.170413094146602,3.605551275463989,25.675190059966152,24.621923197271812,3.5144098324187145,115.63000000000005,0.8863787375415281,114.14692653673164,366.86356821589203,0,30
1,31,746,497.0,372.0,1.0,1.6276425594668225,0.9213413138722906,1.0,0.541757443718228,0.489004193485934,51.81210158212098,54.230987451824994,10.0,3.8889492040038944,3.605551275463989,21.679152966673666,20.14219577986582,17.07473774739104,138.45800000000003,0.8838862559241705,493.6380697050938,372.3592493297587,0,31
1,32,966,818.0,384.0,1.0,1.802489341467223,0.9148921340258919,1.0,0.4117647058823529,0.3210026081766979,61.706484706509976,59.413803110051795,8.48528137423857,3.4620616574917333,3.1622776601683795,25.80568831542261,24.910807994276997,37.8384146152776,194.4639999999997,0.8,813.304347826087,380.1376811594203,0,32
1,33,734,389.0,364.0,1.0,4.132133188011937,0.9743314899060399,1.0,0.2381570408825438,0.2765242035618894,85.63381672984276,74.70609078247904,6.324555320336759,2.704100618254541,2.8284271247461903,20.490525846950245,19.277719993438396,56.84449792636679,182.63599999999974,0.6114119117034569,398.4577656675749,371.83651226158037,0,33
1,34,369,396.0,399.0,1.0,1.6660573782432369,0.908422829718511,1.0,0.44727272727272727,0.4756859904525382,36.52836549097683,36.05551275463989,7.0,2.742664163146438,2.23606797749979,15.114274193743798,15.270777559082262,31.45888042746805,98.73200000000004,0.8541666666666666,393.18970189701895,396.6829268292683,0,34
1,35,1796,629.0,402.0,1.0,2.336224927246748,0.926154429199251,1.0,0.3463837994214079,0.277217934636515,96.58960551034616,95.88013350011565,10.198039027185569,4.0612860084227895,4.0,36.350695412809074,36.428238397842186,54.826546732816524,285.3299999999996,0.7012885591565795,641.9265033407572,416.9749443207127,0,35
1,36,1529,322.0,457.0,1.0,1.273637100139003,0.8528094202046645,1.0,0.6357588357588357,0.6322705945975432,62.37858435991524,66.48308055437865,17.029386365926403,6.159388849163278,5.385164807134504,36.0,32.57548553718094,77.56190448169983,174.3239999999998,0.9063426200355661,320.8829300196207,456.9300196206671,0,36
1,37,450,739.0,450.0,1.0,1.4936959718330982,0.8624394582021737,1.0,0.5244755244755245,0.46962995270839564,36.93451683407037,39.293765408777,7.615773105863909,3.0099906903375353,2.8284271247461903,21.0,18.694783626967922,4.45298297622546,109.73200000000004,0.7725321888412016,736.9555555555555,451.12444444444446,0,37
1,38,768,212.0,457.0,1.0,1.3371108209732567,0.8452792109083622,1.0,0.6183574879227053,0.5995694718302284,45.10282841401627,45.17742799230607,10.44030650891055,4.282446416476573,4.0,25.561154453279336,24.09956246070838,6.514820345166968,126.87200000000006,0.8827586206896552,212.72916666666666,458.5260416666667,0,38
1,39,316,118.0,460.0,1.0,1.1391687510159985,0.5625211625304773,1.0,0.5745454545454546,0.6025876853004043,23.378897130868975,26.832815729997478,8.06225774829855,3.0873658407170295,2.8284271247461903,18.43731071033702,19.329272057232657,34.73758760039661,81.17800000000003,0.8207792207792208,117.14556962025317,460.57911392405066,0,39
1,40,693,947.0,457.0,1.0,1.5388669568035125,0.8513494690983325,1.0,0.4772727272727273,0.39384121411574186,46.14561075245576,51.61395160225576,10.0,3.51736572775512,3.0,25.45584412271571,24.207939964921003,31.388684048000556,148.7,0.7619571192963167,951.6277056277056,460.24963924963924,0,40
1,41,453,611.0,480.0,1.0,1.1678027186481743,0.7506286013270654,1.0,0.6863636363636364,0.6527184920015346,30.65589128003646,30.083217912982647,8.48528137423857,3.4990688733985857,3.1622776601683795,21.0,20.25509467916062,4.606862692794712,93.38800000000005,0.8736740597878495,616.4701986754967,479.61147902869754,0,41
1,42,459,61.0,483.0,1.0,1.8168016975362762,0.9441663371090024,1.0,0.534965034965035,0.550957963467101,43.772055484264015,39.92492955535426,6.708203932499369,3.065730131796927,3.0,15.264713484433189,14.421542383697192,-23.470206701654476,102.31800000000005,0.8603561387066542,53.751633986928105,486.82135076252723,0,42
1,43,500,527.0,490.0,1.0,2.416132810766478,0.944884758988208,1.0,0.44563279857397503,0.2725257090117629,52.69339785207106,52.49761899362675,7.0,2.4238775520758487,2.23606797749979,18.90902152123454,17.2519819947812,12.346457610338128,151.83999999999997,0.6978367062107467,516.078,488.224,0,43
1,44,345,402.0,481.0,1.0,2.007547755980971,0.9129779314682286,1.0,0.46875,0.39214207953693797,38.901840839815314,34.0147027033899,6.0,2.45155565465627,2.23606797749979,15.742054324904073,15.87229891813984,-61.31434665458252,105.14600000000004,0.749185667752443,398.4,489.71014492753625,0,44
1,45,334,592.0,531.0,1.0,1.2317390589071775,0.828709358957191,1.0,0.6626984126984127,0.5775477990984268,28.286475805692714,29.154759474226502,7.615773105863909,3.1857328537065976,2.8284271247461903,15.69860849645064,15.831351934045596,12.853938073967912,85.24800000000005,0.8871181938911022,594.5718562874251,531.745508982036,0,45
1,46,359,80.0,535.0,1.0,2.4592870192675322,0.9387668820141346,1.0,0.3519607843137255,0.3845059348528473,44.831355837896055,35.84689665786984,6.708203932499369,2.5672651430271953,2.23606797749979,15.628988488497717,15.446776288967827,-55.21472088160513,108.31800000000004,0.6629732225300092,85.20055710306407,526.0389972144847,0,46
1,47,780,392.0,550.0,1.0,1.3736566742544865,0.8888227992698282,1.0,0.5131578947368421,0.6066213570298736,47.48167617106208,47.50789408087881,10.63014581273465,4.309645501868816,4.0,21.35595755467132,21.758528306811055,50.33579408328809,127.11400000000006,0.9080325960419093,389.66410256410256,546.001282051282,0,47
1,48,830,178.0,552.0,1.0,1.2529202277816531,0.8277614429752985,1.0,0.5623306233062331,0.4998097924840369,44.87917065848573,43.41658669218482,10.295630140987,4.309977631537262,4.0,26.443016156412185,25.180814156536385,-31.361182187159454,144.458,0.8504098360655737,172.70963855421687,554.8927710843374,0,48
1,49,624,928.0,558.0,1.0,2.5714017361278936,0.9663009421285674,1.0,0.33986928104575165,0.25560200265763516,61.86074364153786,59.36328831862332,6.708203932499369,2.615995187532557,2.23606797749979,16.4921501412941,15.92388416756549,54.86517598764501,175.1519999999999,0.7933884297520661,928.7419871794872,554.8173076923077,0,49
1,50,880,677.0,561.0,1.0,1.621288096197348,0.775647131635829,1.0,0.4954954954954955,0.3246303619600637,50.955206891975365,49.040799340956916,8.94427190999916,3.4670378009120917,3.0,32.35916229780037,32.16123478704235,56.44620784374389,184.56599999999986,0.7463952502120441,687.9772727272727,565.1829545454545,0,50
1,51,437,376.0,609.0,1.0,2.836654430046648,0.9649972286207765,1.0,0.3194444444444444,0.26941227669453216,54.32256480854005,48.91829923454004,5.385164807134504,2.295618009774381,2.0,14.849242404917497,14.246640108875026,45.48714729147683,142.76999999999998,0.7626527050610821,367.5377574370709,598.3684210526316,0,51
1,52,485,728.0,592.0,1.0,1.1552525989576865,0.7693049591165578,1.0,0.7698412698412699,0.7108937116129341,31.862094427680155,31.906112267087632,10.0,3.887870215483867,3.605551275463989,20.0,20.35611038219224,3.9906949546754285,92.59200000000003,0.8834244080145719,724.0453608247423,591.9030927835051,0,52
1,53,746,452.0,595.0,1.0,1.5280406608378023,0.9182803181728467,1.0,0.4819121447028424,0.5726937199783019,50.08330731527111,49.4064773081425,9.848857801796104,4.10143731912362,3.605551275463989,19.18086039273018,19.82952765522092,37.505890824608464,127.94200000000006,0.9669475048606611,447.4946380697051,590.3324396782842,0,53
1,54,1043,225.0,610.0,1.0,1.105016989826154,0.6247289086107797,1.0,0.6099415204678362,0.7110277266429856,42.69780623778215,45.60701700396552,15.231546211727817,5.500005989557487,5.0,32.858005338904626,33.34022843705637,-60.70752911857076,135.77,0.8910721913712089,225.2032598274209,612.8139980824544,0,54
1,55,533,708.0,608.0,1.0,1.7325626316680107,0.914492659776169,1.0,0.42983870967741933,0.482649371985175,44.9550861480303,43.382023926967726,7.810249675906654,3.210936070373933,3.0,20.84070500568049,18.18893981039661,35.47597872926708,117.80200000000005,0.8199999999999998,713.5497185741089,615.140712945591,0,55
1,56,503,120.0,621.0,1.0,2.594851029728721,0.9698258547595217,1.0,0.5190918472652218,0.41564724268689135,55.98236060033147,50.80354318352215,6.324555320336759,2.788840408055628,2.8284271247461903,13.932425418125677,13.648427347897181,-11.457100499335686,123.31800000000004,0.7847113884555383,105.78131212723657,624.9304174950298,0,56
1,57,792,636.0,654.0,1.0,2.303869878891923,0.9654286152467494,1.0,0.36114911080711354,0.38920982879070454,65.90812035990204,63.12685640834652,9.219544457292887,3.448164476248624,3.1622776601683795,18.09870198933145,17.180110438799744,38.06691446537124,159.9099999999999,0.8703296703296703,640.2209595959596,655.7462121212121,0,57
1,58,656,547.0,689.0,1.0,1.8472735002172473,0.8504298331835265,1.0,0.45179063360881544,0.32392156530080707,49.15284254754054,48.76474136094644,7.0,2.8266245374066044,2.8284271247461903,25.960917371488065,25.858744692664782,-49.5028892236745,159.52799999999985,0.7065158858373721,554.6951219512196,679.8643292682926,0,58
1,59,335,447.0,691.0,1.0,3.7043596391115967,0.9784795963647746,1.0,0.281986531986532,0.2941538016486998,55.02699122114782,44.04543109109048,5.656854249492381,2.3488371249606215,2.0,11.413793103448276,11.354467230647087,47.29546493664821,119.63000000000005,0.7346491228070174,438.1373134328358,682.2865671641791,0,59
1,60,662,225.0,696.0,1.0,1.958832282384133,0.9379183537290049,1.0,0.5404081632653062,0.4028601565789015,54.2695663088518,50.92150822589606,7.810249675906654,3.1533628322694063,3.0,21.778888860545663,18.823730715562878,14.975642322302582,143.69999999999996,0.7738164815897136,214.99546827794563,694.6842900302115,0,60
1,61,529,311.0,712.0,1.0,2.857555568481144,0.9776233969128293,1.0,0.3041978148361127,0.3834467476180507,60.67279014594865,55.47071299343465,5.656854249492381,2.690021570842922,2.8284271247461903,13.332586869704189,12.763296026622815,40.34118413858526,131.66800000000003,0.8525382755842063,302.648393194707,704.2155009451795,0,61
1,62,468,106.0,711.0,1.0,2.55079270199667,0.9765665999488508,1.0,0.585,0.4357204318667922,53.87677831147427,49.8196748283246,6.0,2.763393676436554,2.8284271247461903,11.556346003299524,11.595113329678052,9.392371523460623,116.17800000000003,0.9017341040462428,94.47222222222223,708.8760683760684,0,62
1,63,661,795.0,701.0,1.0,2.1620768036205784,0.8760817780463834,1.0,0.40354090354090355,0.38852728729115543,54.31796208477008,49.64876634922564,6.708203932499369,2.9849143880518847,3.0,27.229447435187698,26.190086746429685,42.116195051214724,146.216,0.669706180344478,793.5839636913767,709.0650529500756,0,63
1,64,694,361.0,713.0,1.0,1.8158598593191506,0.9205178191515224,1.0,0.40348837209302324,0.3684943149245357,52.74730343228099,49.92995093127971,9.219544457292887,3.3608267133889758,3.0,22.51512143136934,20.60840213975583,41.15653165964202,153.83999999999997,0.7535287730727469,368.5317002881844,717.9193083573487,0,64
1,65,486,661.0,748.0,1.0,1.0274955827664984,0.4965128458162848,1.0,0.72,0.7697057307956128,26.96338752716993,28.0178514522438,10.770329614269007,4.146788940550157,3.605551275463989,22.715802700052055,23.40501239321787,-25.224846916977675,89.07600000000004,0.9204545454545454,660.2901234567901,747.6131687242798,0,65
1,66,718,88.0,753.0,1.0,1.5936494456411499,0.8102601468174041,1.0,0.4835016835016835,0.45465811535250183,46.56647722044842,44.181444068749045,8.94427190999916,3.543374700237628,3.1622776601683795,30.67040024726501,27.291233165358964,-11.355931890685897,140.87199999999999,0.7140726006961712,90.61838440111421,757.299442896936,0,66
1,67,499,9.0,778.0,1.0,2.244493691779608,0.9609872467550494,1.0,0.4264957264957265,0.3524332606640182,51.456027237258766,47.50789408087881,6.0,2.7839052144766607,2.8284271247461903,15.548261663235564,14.232360563567886,68.54314161985445,133.38800000000003,0.760670731707317,13.03807615230461,786.8476953907816,0,67
1,68,892,605.0,796.0,1.0,2.178813604462738,0.9520437373056833,1.0,0.37510513036164844,0.39096481939651173,67.21668413656494,66.03786792439622,9.0,3.520643768528679,3.1622776601683795,22.866436311667787,20.56574856482256,56.830473713141984,169.32399999999984,0.7943009795191451,605.4618834080718,792.1502242152467,0,68
1,69,548,171.0,786.0,1.0,1.0505968361684777,0.3321832686871153,1.0,0.6095661846496107,0.7412154863555878,27.882034011420306,30.805843601498726,11.40175425099138,4.256517214866767,3.605551275463989,24.41200413620205,26.298748863937647,67.72087986557516,96.38800000000005,0.9186923721709975,171.09306569343065,785.3083941605839,0,69
1,70,819,271.0,789.0,1.0,1.9123368993469596,0.7846468021000286,1.0,0.42,0.21321115908221752,53.652275623709286,49.25444142409901,7.211102550927978,2.7568662577194494,2.23606797749979,36.66741017677912,33.261355853084225,-0.39404034300500373,219.70599999999962,0.6185800604229608,287.01221001221,789.5628815628816,0,70
1,71,765,942.0,793.0,1.0,1.2194489967410196,0.8166071307159037,1.0,0.5588020452885317,0.6324755987037007,42.219499294412444,42.720018726587654,10.816653826391969,4.469154337924794,4.123105625617661,24.684158732022695,24.368837302622776,36.17960981097231,123.28600000000006,0.9026548672566372,941.5294117647059,794.2640522875816,0,71
1,72,624,385.0,815.0,1.0,1.4522782025666858,0.9102910093192843,1.0,0.5473684210526316,0.6812528726337209,44.38908850001234,42.190046219457976,8.94427190999916,3.9265859417090914,3.605551275463989,18.177070235682677,18.37570364947876,34.46903833291468,107.28600000000006,0.9614791987673342,383.5544871794872,813.0785256410256,0,72
1,73,604,748.0,822.0,1.0,1.345208052655247,0.748477223536539,1.0,0.5592592592592592,0.4023013894332765,37.923313990500255,35.510561809129406,8.602325267042627,3.283640008347197,2.8284271247461903,27.2022665002807,25.149243784299955,-13.592311537849499,137.35600000000002,0.7655259822560203,742.3112582781457,822.4122516556291,0,73
1,74,901,869.0,803.0,1.0,3.401155648340585,0.9622316767807229,1.0,0.2395002658160553,0.24823923707206985,85.13506108697075,83.73768566183328,7.810249675906654,2.973968855546981,2.8284271247461903,24.657279683406074,23.176478313957613,28.402212019942404,213.56599999999978,0.5826058842547689,863.2807991120977,805.5260821309656,0,74
1,75,796,489.0,832.0,1.0,2.646083697465023,0.9580832779832018,1.0,0.4652250146113384,0.34888788816101285,70.34124410068796,58.137767414994535,8.0,3.1709000180317046,3.0,22.360679774997898,20.15205226202239,-10.815535246161096,169.3239999999998,0.6414182111200645,508.08793969849245,827.9095477386935,0,75
1,76,792,84.0,838.0,1.0,1.7361598727799301,0.940718342471868,1.0,0.6041189931350115,0.5025153429641536,56.011702871795016,56.142675390472796,10.04987562112089,3.987649659687983,3.605551275463989,21.241607339204375,18.998538822778514,-1.8546072057440446,140.73199999999997,0.8959276018099548,79.64646464646465,836.9772727272727,0,76
1,77,820,425.0,866.0,1.0,1.6472508227516711,0.8679196945559711,1.0,0.5466666666666666,0.378115319037428,52.508582401587056,53.31041174104736,8.246211251235321,3.5119846556964127,3.1622776601683795,27.353873418454565,26.08125146579536,7.343247709229786,165.08199999999988,0.7199297629499561,424.32682926829267,861.6378048780488,0,77
1,78,371,918.0,877.0,1.0,2.1379731598595795,0.9584403045196676,1.0,0.3626588465298143,0.44560636212203036,43.22300638418871,41.72529209005013,5.830951894845301,2.586943852359071,2.23606797749979,12.394539740733231,12.331227737393498,39.53413778836678,102.28600000000006,0.8833333333333333,914.4851752021564,873.1239892183288,0,78
1,79,335,673.0,864.0,1.0,1.7891589045746874,0.9218561046362544,1.0,0.469187675070028,0.4766935164637819,36.45136796760361,35.11409973215888,6.0,2.592340436694637,2.23606797749979,14.862705002791383,14.126084291473989,68.89703424242029,93.97400000000005,0.8292079207920792,675.8805970149253,865.9522388059702,0,79
1,80,2169,205.0,883.0,1.0,1.7959260012116351,0.8800990799547245,1.0,0.4348436246992783,0.36008592649408233,89.85998763084194,87.55569655939013,17.46424919657298,5.963217918758993,5.0,48.761049728342044,42.66462971261808,69.92685367730142,275.1259999999993,0.7291981845688351,199.10465652374367,873.8621484555094,0,80
1,81,550,855.0,884.0,1.0,1.7469763896257993,0.9310121225891497,1.0,0.467687074829932,0.5259881604972919,46.46457596806799,42.720018726587654,8.48528137423857,3.362190186942428,3.08113883008419,17.402974438678715,16.95902458490892,63.15883788093864,114.63000000000005,0.88,858.3018181818181,890.82,0,81
1,82,757,116.0,914.0,1.0,1.6835182783869649,0.8550424601557681,1.0,0.46498771498771496,0.4288163945360437,50.559559333035196,44.64302857109943,9.219544457292887,3.5370965201443454,3.1622776601683795,28.637643104623685,26.21806357699899,-62.844742807503785,148.94199999999998,0.7178757705073494,109.3778071334214,919.6274768824306,0,82
1,83,324,663.0,924.0,1.0,2.1359393712231594,0.9651603983173515,1.0,0.5625,0.47667562630798754,40.62281919073368,36.68787265568828,5.0990195135927845,2.510183266620791,2.23606797749979,10.370921685053377,10.629324169283665,14.149715420498627,92.42000000000003,0.8721399730820996,654.8333333333334,922.2283950617284,0,83
1,84,426,330.0,923.0,1.0,1.5074025265105568,0.8464253462326932,1.0,0.5163636363636364,0.4671913619853325,35.716981971605,34.92849839314596,7.211102550927978,2.9059928278076663,2.8284271247461903,19.632206432588383,19.019557279330325,22.959918114972478,107.04400000000005,0.7940354147250699,336.9342723004695,924.3145539906103,0,84
1,85,477,574.0,945.0,1.0,1.4208609044503675,0.8518486764753762,1.0,0.6489795918367347,0.46200884693887245,36.822608376363966,34.52535300326414,8.06225774829855,3.161029019914755,3.0,20.0,19.287239111254717,3.7712726751061747,113.90400000000004,0.8288444830582105,578.2955974842768,942.643605870021,0,85
1,86,670,874.0,972.0,1.0,1.767913568672875,0.9410994402074504,1.0,0.4962962962962963,0.5465666412824032,52.011210474913796,49.64876634922564,9.486832980505138,3.680011205261268,3.1622776601683795,18.782971010998235,17.586546501745378,61.98320778677468,124.11400000000006,0.901749663526245,870.2880597014926,964.8253731343284,0,86
1,87,1284,670.0,962.0,1.0,2.7402005048246667,0.9651993233820939,1.0,0.5944444444444444,0.31731982259123703,91.45860075429356,81.74350127074322,12.0,4.36533732405273,4.0,24.336174187022323,23.917825863432494,87.67765450326809,225.49599999999975,0.7086092715231788,669.8419003115265,980.0677570093458,0,87
1,88,555,418.0,969.0,1.0,2.0191869504022013,0.9519097516420773,1.0,0.4163540885221305,0.45578858877479117,51.06237708196741,48.25971404805462,8.48528137423857,3.2359735279031536,3.0,16.767045923366542,15.644417785634124,57.46393628626662,123.70000000000006,0.8753943217665615,412.1585585585586,960.0072072072072,0,88
1,89,798,245.0,985.0,1.0,1.2032889411647567,0.5496489085788481,1.0,0.540650406504065,0.5412615310590764,37.95698205992651,42.05948168962618,12.083045973594572,4.369934532291462,4.0,30.66478056538621,31.709101908701868,34.03634224552281,136.11400000000003,0.8493879723257053,245.05513784461152,983.2468671679198,0,89
1,90,325,43.0,1014.0,1.0,1.4760617933686848,0.8459036334094806,1.0,0.5701754385964912,0.42458801896250153,30.875689367613013,29.427877939124322,5.385164807134504,2.429149135042387,2.23606797749979,17.455361788642875,16.467109546459184,12.713560537112464,98.07600000000004,0.7985257985257985,35.08,1012.6707692307692,0,90
2,1,941,375.0,16.0,1.0,2.0312563624798505,0.9582946115799923,1.0,0.3862889983579639,0.43354263482021604,67.02619901882812,67.4166151627327,9.848857801796104,4.0373074315399675,3.605551275463989,19.476824194835864,19.15489128047209,-33.24265742852111,165.15199999999987,0.8733178654292343,372.230605738576,17.137088204038257,0,1
2,2,441,531.0,11.0,1.0,1.0814228263146137,0.718114131270202,1.0,0.7709790209790209,0.7833824563875742,28.64087841541764,29.410882339705484,9.899494936611665,4.3738035691589365,4.0,19.677398201998148,19.931913370485727,-63.3187320690101,84.10800000000003,0.9555796316359699,531.3990929705216,11.448979591836734,0,2
2,3,1181,690.0,28.0,1.0,2.43949674587921,0.9460019223025854,1.0,0.31111696522655424,0.20755679494831034,81.38958442119275,78.40918313565064,8.94427190999916,3.1562015561001036,2.8284271247461903,30.259861577270016,26.383330215301807,-67.37189656103114,267.3999999999994,0.6487228783301292,689.2667231160034,32.322607959356475,0,3
2,4,432,256.0,29.0,1.0,2.1001379249455345,0.9432591900234234,1.0,0.5142857142857142,0.41117179503048534,45.616518361637034,42.04759208325728,6.324555320336759,2.7027603630610657,2.23606797749979,15.820366170386972,15.147301353727444,-9.784878381121079,114.90400000000004,0.7047308319738989,264.18055555555554,26.662037037037038,0,4
2,5,452,199.0,31.0,1.0,3.181169027710421,0.9748202997960661,1.0,0.4010647737355812,0.34775469202543824,59.02317246322022,49.72926703662542,6.708203932499369,2.662673777561402,2.23606797749979,13.576773074751145,13.161688794568828,18.994396923229413,127.80200000000005,0.7343623070674247,208.71238938053096,35.307522123893804,0,5
2,6,1245,816.0,48.0,1.0,1.1375365562199231,0.6151415180922128,1.0,0.6073170731707317,0.6147596780480248,47.14596422603592,52.3450093132096,15.556349186104045,5.656597236917537,5.0,36.67151483099655,37.17066612781372,49.89451693328238,159.52799999999996,0.8931133428981348,814.7052208835341,48.803212851405625,0,6
2,7,1146,925.0,64.0,1.0,1.6131764967835442,0.9246922295109468,1.0,0.6272577996715928,0.571795361733414,64.07683699872167,62.289646009589745,11.180339887498949,4.819124098956675,4.47213595499958,25.545299650180397,24.39504408897559,-8.451959521537038,158.6999999999999,0.8935672514619885,919.6073298429319,65.13525305410123,0,7
2,8,941,114.0,76.0,1.0,3.37155419370318,0.9763658612449166,1.0,0.25922865013774105,0.30797666888175745,87.74577693120239,77.38862965578342,8.48528137423857,3.265644533786065,3.0,21.32930431998461,18.963992982056425,-42.7777808820501,195.94799999999967,0.6861100984323734,99.10945802337939,87.19022316684378,0,8
2,9,1154,325.0,70.0,1.0,2.0035431749117874,0.9541578489196343,1.0,0.42645971914264597,0.4245942794547685,73.43877118556095,71.17583859709698,10.44030650891055,4.341151835019757,4.0,23.27935486750012,21.98050753419819,-64.30050345402456,184.80799999999988,0.8618371919342793,326.8682842287695,70.43327556325823,0,9
2,10,836,418.0,85.0,1.0,1.082889054676265,0.7089023199665193,1.0,0.6645468998410174,0.8009267301145444,39.24637998089769,39.44616584663204,13.601470508735444,5.221071820129143,5.0,26.870057685088806,27.68073362951484,-38.276412816668376,114.52800000000006,0.9382716049382716,417.35406698564594,85.54186602870813,0,10
2,11,2380,557.0,98.0,1.0,1.493789229517694,0.6797462129550712,1.0,0.4146341463414634,0.36879077579541425,76.63953708033284,87.70974860299168,17.88854381999832,6.13936290729083,5.0,51.34381163362211,56.21106907327235,-13.111738699124777,284.7759999999995,0.6971294669009959,549.4495798319327,100.85336134453782,0,11
2,12,595,819.0,131.0,1.0,1.5544262174303924,0.8643959614633226,1.0,0.5331541218637993,0.32967682662644526,43.363553363274555,39.698866482558415,8.06225774829855,2.8099428274803273,2.8284271247461903,21.368288971859812,21.803702680991233,-29.70469909785702,150.59799999999996,0.8269631688672688,828.527731092437,126.04873949579832,0,12
2,13,662,173.0,123.0,1.0,1.0232542717530444,0.5348081851652524,1.0,0.7133620689655172,0.8159221662934764,31.746948820579604,31.575306807693888,12.727922061357855,4.887084262902752,4.242640687119285,25.78550576762666,26.825330259703595,49.902254908298225,100.97400000000005,0.9470672389127325,174.809667673716,124.80815709969788,0,13
2,14,466,930.0,151.0,1.0,3.7535101804208293,0.9884084920721559,1.0,0.3389090909090909,0.3250777144537329,65.92519733289214,57.9396237474839,5.830951894845301,2.4024945407840774,2.23606797749979,11.315523870891122,10.00862024805831,-20.458856998543613,134.21600000000004,0.8645640074211502,947.2510729613734,144.2961373390558,0,14
2,15,472,288.0,167.0,1.0,1.4563203804686695,0.9117503354209059,1.0,0.5863354037267081,0.6054936845374749,38.718332350241035,36.76955262170047,7.810249675906654,3.467134877606262,3.1622776601683795,15.633886197171602,15.9033553334086,-24.8380775305269,98.97400000000005,0.9273084479371315,290.4618644067797,166.1800847457627,0,15
2,16,441,432.0,163.0,1.0,2.0324620125616906,0.944404753329011,1.0,0.49,0.360568037193823,45.38529775969853,49.040799340956916,7.615773105863909,2.8076392490899673,2.23606797749979,16.51761735748582,14.922011036466003,-2.1692301542965335,123.97400000000005,0.796028880866426,434.8390022675737,164.19954648526078,0,16
2,17,580,628.0,171.0,1.0,2.0323173354665047,0.9622803100972738,1.0,0.4184704184704185,0.5203041612074213,52.846054006255684,48.54894437575342,7.0710678118654755,3.2656094049004487,3.0,13.8,14.37729368451766,-35.61934850050653,118.35600000000007,0.9626556016597511,636.1775862068965,165.10172413793103,0,17
2,18,707,226.0,199.0,1.0,1.5955913675232158,0.9247527896107997,1.0,0.45671834625323,0.5684939814748394,50.081454689516846,50.47771785649585,10.0,3.976747225544102,3.605551275463989,19.71767950966598,19.059417174587338,-51.08288976214476,125.01200000000007,0.9217731421121251,224.4031117397454,200.8981612446959,0,18
2,19,1079,721.0,194.0,1.0,1.4930057251588036,0.8831168987892104,1.0,0.5637408568443051,0.5196796098140912,57.95405891725542,65.27633568147036,13.341664064126334,4.810797382785582,4.123105625617661,27.29023189268931,27.189320953037132,-6.858374080954145,161.52799999999996,0.8840639082343302,717.7321594068582,195.5551436515292,0,19
2,20,1677,101.0,214.0,1.0,1.2294900460121847,0.7481566122796084,1.0,0.5871848739495799,0.5782099639631788,60.336731520506774,65.73431371817918,16.492422502470642,6.080766823412298,5.385164807134504,43.8213155017931,40.034759639397215,-35.81936199915349,190.9099999999998,0.876633559853633,102.22242098986285,213.00894454382828,0,20
2,21,627,1014.0,214.0,1.0,2.0770517928156353,0.94955025051105,1.0,0.3958333333333333,0.45784203866343726,54.924767845453744,50.774009099144415,7.810249675906654,3.3293090331705355,3.1622776601683795,20.961686661437998,17.22522699855188,-36.06671569818407,131.18400000000005,0.8455832771409305,1003.2966507177033,222.2822966507177,0,21
2,22,404,527.0,226.0,1.0,2.632613039676452,0.9523373360348025,1.0,0.48325358851674644,0.33932080320892305,49.76649508771407,43.73785545725808,5.0,2.3110089561600917,2.23606797749979,16.63780661615406,15.181114005805808,-7.463671417979449,122.31800000000005,0.7093942054433713,517.0519801980198,225.53465346534654,0,22
2,23,367,470.0,228.0,1.0,2.5980150300917972,0.9777148417327816,1.0,0.38229166666666664,0.43145515270430335,48.21293684393424,43.382023926967726,5.0,2.4558383981942242,2.23606797749979,9.415751474997956,10.121695890193095,-27.787619593855865,103.38800000000005,0.9734748010610079,462.25613079019075,232.2942779291553,0,23
2,24,648,341.0,223.0,1.0,3.215713482082867,0.9789585110963491,1.0,0.3385579937304075,0.34025478585885105,71.30490225326933,63.50590523722971,6.324555320336759,2.8252702291377614,2.8284271247461903,15.881307503602844,14.550434666470967,-23.412269504806975,154.69999999999993,0.7363636363636362,322.77777777777777,230.60030864197532,0,24
2,25,418,423.0,239.0,1.0,1.8593654220622673,0.9287339706633716,1.0,0.4222222222222222,0.45694817233906887,41.72339671604424,39.698866482558415,6.324555320336759,2.798219708363748,2.8284271247461903,16.167487369155428,15.46881705697149,-44.058920241671885,107.21600000000005,0.819607843137255,431.6578947368421,233.05980861244018,0,25
2,26,329,216.0,282.0,1.0,1.3402119049798078,0.7217453896256756,1.0,0.650197628458498,0.4865765783715773,27.592130857229115,26.248809496813376,5.830951894845301,2.5404226553464415,2.23606797749979,18.86484436567597,19.09813196073515,32.644694606403064,92.17800000000003,0.8235294117647058,222.89057750759878,284.1246200607903,0,26
2,27,550,377.0,290.0,1.0,3.6742889779768695,0.9840654109240644,1.0,0.2440106477373558,0.30348450017050704,70.56021983966765,65.06919393998976,5.0,2.4847536573315656,2.23606797749979,13.190276005028295,12.546088662237723,-41.75664814157451,150.90999999999997,0.7879656160458451,392.4818181818182,273.5672727272727,0,27
2,28,1005,134.0,286.0,1.0,1.1126187222093318,0.7713203816466367,1.0,0.6790540540540541,0.7794973588893195,45.015253580871224,44.598206241955516,14.142135623730951,5.618397943093942,5.0,28.214261543684703,28.64982610344601,-52.12264385111154,127.28600000000006,0.9481132075471698,136.61691542288557,282.68059701492535,0,28
2,29,619,641.0,295.0,1.0,1.145127739040855,0.5816984083189937,1.0,0.5872865275142315,0.5237121343165606,32.980396233308696,33.95585369269929,9.899494936611665,3.7667114961757444,3.1622776601683795,28.385188372087985,26.826404352890055,10.171213086847247,121.87200000000006,0.8023331173039533,637.2988691437803,293.66235864297255,0,29
2,30,531,65.0,328.0,1.0,1.2816793509237678,0.7238105540679163,1.0,0.6588089330024814,0.38815595301819267,34.287990870096735,32.802438933713454,7.211102550927978,2.981584669702125,2.8284271247461903,22.649903635888297,23.658671009789305,-23.270725357693294,131.11400000000003,0.8322884012539188,63.75517890772128,323.4256120527307,0,30
2,31,688,756.0,339.0,1.0,1.980362753078916,0.9316281323793326,1.0,0.37289972899728996,0.4421152258493561,55.336511265790534,51.22499389946279,9.848857801796104,3.4973313202706753,3.1622776601683795,24.391067883247096,20.110008664239906,-48.80938806995975,139.84,0.7898966704936853,762.7936046511628,331.3212209302326,0,31
2,32,1079,306.0,333.0,1.0,2.1373382516900508,0.8290501304105734,1.0,0.38453314326443333,0.276710200298796,66.83214390858976,66.37017402418047,8.602325267042627,3.2661389221720394,3.0,41.65350380966794,37.37081630069707,14.705434507514555,221.36199999999963,0.556472408457968,311.60333642261355,330.2103799814643,0,32
2,33,687,422.0,335.0,1.0,2.105997601854068,0.9288333936639865,1.0,0.35893416927899685,0.26088760949650514,56.88966896527652,60.74537019394976,8.48528137423857,3.0145498796886314,2.8284271247461903,23.56484557589207,21.077490055073213,-21.143764872549756,181.90999999999983,0.6308539944903582,418.46288209606985,337.8282387190684,0,33
2,34,2161,868.0,277.0,1.0,5.1095619292905035,0.9754632784497081,1.0,0.25304449648711946,0.15329042702170792,163.4623268470186,141.59802258506295,10.770329614269007,3.639942531444193,3.1622776601683795,39.78143387422402,35.988224785706684,-75.65241656136881,420.8959999999986,0.4397191982907722,860.2147154095326,307.6469227209625,0,34
2,35,468,135.0,357.0,1.0,2.3839385679071214,0.9692278212880494,1.0,0.44234404536862004,0.4417071459699919,51.73872537548642,47.75981574503821,5.830951894845301,2.749513767241972,2.8284271247461903,13.206860176804962,12.736286789721436,-68.40784996864926,115.38800000000005,0.8739495798319328,136.8696581196581,356.0790598290598,0,35
2,36,811,647.0,359.0,1.0,1.8216998985518618,0.9014268087503647,1.0,0.41084093211752787,0.3289623251553874,56.26179028863245,55.80322571321482,10.44030650891055,3.645445011409419,3.0,26.0,24.357502872093097,-38.88571561702228,176.0119999999998,0.763653483992467,655.6288532675709,352.6695437731196,0,36
2,37,1684,921.0,408.0,1.0,8.814013784967399,0.9735218303191666,1.0,0.11922967997734353,0.11658947701647596,189.1624903515949,151.44966160411187,7.211102550927978,2.6297657648113333,2.23606797749979,45.40116594138045,43.241422341419735,-29.244716889790336,426.0359999999984,0.2871270247229327,964.0195961995249,377.3622327790974,0,37
2,38,568,514.0,403.0,1.0,1.797552984097692,0.9417839848246472,1.0,0.6794258373205742,0.4978949549758895,48.32455807088322,44.01136216933077,8.54400374531753,3.3569410224339076,3.0,16.316240094014702,16.247613746871362,-6.622293798111304,119.73200000000004,0.8446096654275093,503.0228873239437,404.1214788732394,0,38
2,39,859,140.0,410.0,1.0,1.4121071351069576,0.8884941024423738,1.0,0.6353550295857988,0.5791080090752575,50.50128670584284,51.24451190127583,12.529964086141668,4.4879161748209855,4.0,24.981169378742294,23.174436290690984,-6.619748961283062,136.52800000000008,0.8801229508196722,142.976717112922,410.0710128055879,0,39
2,40,339,51.0,411.0,1.0,2.065938358383551,0.9446100176237087,1.0,0.5167682926829268,0.4288943900423925,40.13856687882126,40.19950248448356,6.324555320336759,2.489961168202494,2.23606797749979,13.910357812605259,13.173274301636546,-4.500525839853555,99.66200000000005,0.8228155339805825,51.52212389380531,412.9439528023599,0,40
2,41,1267,683.0,419.0,1.0,1.13432739442791,0.6164287575935165,1.0,0.7015503875968992,0.561052107889732,47.51600755436043,54.037024344425184,16.492422502470642,5.7925640561861,5.0,38.39510859550571,37.414612055623486,-39.53891590387167,168.45799999999988,0.8275636838667537,684.6692975532754,416.9802683504341,0,41
2,42,412,924.0,435.0,1.0,2.545280517382985,0.9669466809671142,1.0,0.5597826086956522,0.44044154171498906,50.06031606387777,45.39823785126467,5.830951894845301,2.6149101010458726,2.23606797749979,13.994987013036614,12.764312221902818,-6.278071007532996,108.42000000000004,0.789272030651341,934.8398058252427,434.4805825242718,0,42
2,43,349,588.0,446.0,1.0,1.929772048242473,0.9567582632514189,1.0,0.7457264957264957,0.5208235560872047,39.778355757280785,38.05259518088089,6.0,2.713985254438091,2.8284271247461903,10.844854066722466,11.570895731283368,-1.824783250349017,91.76400000000002,0.9041450777202072,589.2005730659026,445.22636103151865,0,43
2,44,595,292.0,451.0,1.0,3.655046423153743,0.9830980634291356,1.0,0.265625,0.30408177971554534,73.12652330817731,64.1404708432983,5.0990195135927845,2.593088366413622,2.23606797749979,14.980843781002076,13.38798616918232,-33.250530020129005,156.80799999999994,0.7574793125397837,299.47058823529414,443.49411764705883,0,44
2,45,495,728.0,461.0,1.0,2.976099766890992,0.9758490856458596,1.0,0.33,0.29204816097354214,59.79843251696227,55.94640292279746,5.830951894845301,2.4405862641815768,2.23606797749979,13.10644626434275,13.062715678004883,19.189851104502093,145.942,0.7290132547864504,728.5474747474748,462.3010101010101,0,45
2,46,2539,173.0,490.0,1.0,4.894509501808488,0.9435104495671257,1.0,0.26272764900662254,0.08856463204567477,168.555370945324,150.56227947264878,10.0,2.9518728789998017,2.8284271247461903,62.43265751119499,55.849603590413345,11.47647820179281,600.2139999999981,0.39227500965623796,110.968885387948,480.6703426545884,0,46
2,47,752,393.0,493.0,1.0,1.153447217094856,0.7664577633670906,1.0,0.5820433436532507,0.6326617428136634,39.55526498691826,40.311288741492746,12.083045973594572,4.619288205040282,4.123105625617661,24.115039604676895,25.406137530120592,-52.73684591642785,122.21600000000005,0.907664453832227,394.4920212765957,491.19813829787233,0,47
2,48,682,221.0,499.0,1.0,1.231958258943036,0.8247396387280655,1.0,0.6160794941282746,0.6755944457409494,40.27495202487675,41.48493702538308,10.63014581273465,4.249291863955898,4.0,23.908176790194453,22.775993815567034,-23.236017584152012,112.63000000000005,0.899736147757256,221.52932551319648,495.99706744868035,0,48
2,49,1217,813.0,492.0,1.0,1.2136933670391834,0.7183767342192467,1.0,0.5887760038703435,0.5038420987297426,50.32838974951068,52.46903848937962,14.7648230602334,5.406589315002421,4.47213595499958,35.87483482310275,35.01115938930526,77.76449999251528,174.2219999999998,0.839021027231989,814.925225965489,497.2645850451931,0,49
2,50,511,523.0,506.0,1.0,1.7016841356900088,0.9330743109905738,1.0,0.5793650793650794,0.5680900301644495,44.283009658810506,42.720018726587654,8.0,3.3128844875202033,3.0,16.14465296915932,15.927874675854964,-13.985542702428024,106.31800000000004,0.8780068728522337,524.4246575342465,504.74559686888455,0,50
2,51,629,751.0,508.0,1.0,1.0487952775893652,0.6225959155939373,1.0,0.6807359307359307,0.8333925528689426,32.30241671206893,33.52610922848042,12.041594578792296,4.704296295112678,4.242640687119285,24.67545437839976,25.278046159948882,30.32217153952511,97.38800000000005,0.947289156626506,750.7726550079491,507.8966613672496,0,51
2,52,419,415.0,532.0,1.0,1.5888029212239223,0.8586105007882261,1.0,0.5868347338935574,0.5257315131790946,36.66145296255446,34.48187929913333,7.0710678118654755,2.9178106509571644,2.8284271247461903,20.0,18.79370667428596,-4.494535598469997,100.07600000000004,0.7950664136622391,421.6109785202864,529.8997613365156,0,52
2,53,353,281.0,544.0,1.0,2.4320635067847065,0.9734232759926367,1.0,0.3352326685660019,0.3742416913937853,45.573836074155835,43.9089968002003,5.385164807134504,2.42420039357079,2.23606797749979,10.539303728279354,10.437017993812928,-31.615120014784328,108.87200000000006,0.8902900378310217,281.74787535410763,542.8271954674221,0,53
2,54,502,534.0,548.0,1.0,2.6112934067456797,0.9762638809682666,1.0,0.3433652530779754,0.442298847975708,56.43626296538299,50.80354318352215,5.656854249492381,2.7832254522652384,2.8284271247461903,12.06750866908427,12.223218373040215,-39.67192170234946,119.42600000000007,0.9045045045045045,528.6035856573706,553.0796812749004,0,54
2,55,546,673.0,559.0,1.0,3.7305367148642667,0.9758604785733759,1.0,0.3939393939393939,0.26455343737371023,70.29591541031965,63.788713735268246,5.0990195135927845,2.4047207756829425,2.23606797749979,17.223622590994417,15.352268452836253,-16.049301220040434,161.044,0.6511627906976744,650.1245421245421,563.014652014652,0,55
2,56,708,174.0,585.0,1.0,1.8461794690516498,0.9380694877998511,1.0,0.41843971631205673,0.4014367019226843,54.492093666228435,55.80322571321482,9.486832980505138,3.56041309014174,3.1622776601683795,20.842212219891106,18.878631202187226,-32.52365859694288,148.87199999999996,0.7972972972972971,177.61864406779662,581.9053672316384,0,56
2,57,331,82.0,579.0,1.0,1.0621121796874473,0.6636986141808148,1.0,0.645224171539961,0.7968676553044708,24.00598151499311,26.1725046566048,9.219544457292887,3.535837187842372,3.0,17.88854381999832,17.95647657276123,-12.301984985732602,72.24800000000003,0.9168975069252078,83.20845921450152,578.7643504531723,0,57
2,58,338,451.0,574.0,1.0,1.4161146045474058,0.6711721278495214,1.0,0.569023569023569,0.45006653093983245,28.083086796410893,27.51363298439521,5.385164807134504,2.5096374889102915,2.23606797749979,20.42983232384661,20.818035520280247,-80.74213316989032,97.14600000000004,0.7629796839729119,448.61538461538464,579.8076923076923,0,58
2,59,902,581.0,595.0,1.0,1.6436674117661156,0.896186291469757,1.0,0.6303284416491963,0.526691335449044,56.138471805781556,52.92447448959697,9.486832980505138,4.072988672770514,4.0,25.182078449037753,24.907402571877768,-5.821542315092864,146.7,0.7989371124889283,578.649667405765,591.1640798226164,0,59
2,60,735,381.0,586.0,1.0,1.8189133424376787,0.8725887935829996,1.0,0.5889423076923077,0.2282698182874556,52.4102211079486,48.703182647543684,5.385164807134504,2.4914839713745334,2.23606797749979,23.754091873484555,25.60006192771664,-10.301020829156172,201.1519999999998,0.7632398753894081,361.75374149659865,586.5360544217687,0,60
2,61,456,250.0,611.0,1.0,1.726482773957574,0.7575582788925198,1.0,0.44574780058651026,0.4163373804726993,37.51001314129187,33.421549934136806,6.0,2.682444795570318,2.8284271247461903,24.08273033840819,24.48531879684958,43.65803017419681,117.31800000000004,0.6909090909090909,243.0811403508772,609.8618421052631,0,61
2,62,3537,856.0,580.0,1.0,1.6876514391243809,0.9373670771074081,1.0,0.44157303370786516,0.4437755410844232,116.25176227079162,115.31261856362468,18.439088914585774,7.7383340876814595,7.0710678118654755,43.1335136523794,40.49550716547585,-43.90097426509518,316.47599999999903,0.8854675178370259,846.5798699462822,587.7868249929319,0,62
2,63,659,677.0,661.0,1.0,6.090734125332102,0.9908246903877789,1.0,0.4033047735618115,0.19816320460235176,100.04367047387159,85.09406559801923,5.656854249492381,2.323781912203652,2.0,14.725727785869513,13.521239025030852,4.156038565713477,204.42599999999973,0.5547138047138047,644.8740515933232,657.6464339908953,0,63
2,64,376,559.0,657.0,1.0,1.9644424244012753,0.9517286841969632,1.0,0.6427350427350428,0.5046265348700233,41.470108280506224,38.8329756778952,6.082762530298219,2.750915650002675,2.8284271247461903,12.821183221996614,12.728858549604718,-9.734976917290213,96.76400000000004,0.8594285714285714,547.9574468085107,658.0053191489362,0,64
2,65,1741,331.0,660.0,1.0,1.6617426530544408,0.8949365721581319,1.0,0.4441326530612245,0.3797703107824416,78.30229529130392,78.03204469959762,16.55294535724685,5.391577849372902,4.47213595499958,39.688654729805016,34.937965750229786,36.4220073616892,240.0179999999997,0.8063918480778138,321.7461229178633,653.6875358989087,0,65
2,66,537,944.0,670.0,1.0,3.0796204612569555,0.9641043388266676,1.0,0.38969521044992744,0.23028084233358373,62.67631413860903,55.02726596879042,6.708203932499369,2.4049225349331835,2.0,16.099689437998485,16.64204548625321,-23.395170053142483,171.18399999999986,0.7222595830531271,930.9310986964618,674.9813780260707,0,66
2,67,642,120.0,670.0,1.0,1.146276153765427,0.6914331648989995,1.0,0.6369047619047619,0.7104875439926995,35.1100206815473,36.40054944640259,11.180339887498949,4.307755262936379,4.0,26.304372260139566,25.364898525458262,15.44946229259669,106.56000000000004,0.9237410071942448,121.18068535825545,671.4828660436137,0,67
2,68,401,25.0,687.0,1.0,2.6435356922432978,0.9410471503854317,1.0,0.42389006342494717,0.33927070413722255,49.207243438872176,42.7551166528639,5.830951894845301,2.475119547844248,2.23606797749979,18.55249638057422,16.645601012261455,9.985451540228805,121.87200000000006,0.625585023400936,21.09725685785536,681.6957605985037,0,68
2,69,558,395.0,706.0,1.0,1.194481574793204,0.8331702259438811,1.0,0.6564705882352941,0.7842041493378106,36.07522251904269,35.84689665786984,10.0,4.169442292457172,3.605551275463989,19.6,19.950197382008277,-29.668612263170985,94.56000000000004,0.9546621043627032,392.56451612903226,707.5,0,69
2,70,415,665.0,721.0,1.0,2.0317465771600407,0.9612723437309212,1.0,0.6326219512195121,0.5129133104839738,44.6725245018497,40.792156108742276,6.0,2.8343895088792337,2.8284271247461903,11.961446922138293,12.311757573696292,-9.197444615087843,100.83400000000005,0.8905579399141631,665.5542168674699,721.1927710843373,0,70
2,71,452,587.0,728.0,1.0,1.9382127500167805,0.9550262290500652,1.0,0.5380952380952381,0.48105298107322375,45.28352203169867,42.720018726587654,6.082762530298219,2.9514393877304466,2.8284271247461903,12.499811319330702,13.427530384673128,-15.179669582770977,108.66200000000003,0.887144259077527,585.1238938053098,728.1570796460177,0,71
2,72,1351,817.0,736.0,1.0,2.9518789444476954,0.9718660227350682,1.0,0.4539650537634409,0.2614023997702107,97.95550624431817,92.43916918709297,10.63014581273465,3.711190476840768,3.1622776601683795,26.590832997198582,23.071887287184133,-5.938160008291185,254.8459999999995,0.674825174825175,800.9119170984455,738.121391561806,0,72
2,73,916,471.0,742.0,1.0,1.9362063780129632,0.9518788895632095,1.0,0.5264367816091954,0.4803438149726165,64.20670069963931,60.74537019394976,9.433981132056603,3.9592327202302684,3.605551275463989,21.551091417475906,19.67771235107327,18.30062355630007,154.8019999999999,0.8568755846585594,461.3340611353712,740.056768558952,0,73
2,74,345,201.0,747.0,1.0,1.6979667702641867,0.7671487515813035,1.0,0.4732510288065844,0.4287246255845854,32.538406367546855,30.805843601498726,5.830951894845301,2.4461622032685852,2.23606797749979,21.09272315982528,20.87238698299441,-60.27226752457351,100.56000000000004,0.6858846918489065,195.38550724637682,747.8260869565217,0,74
2,75,911,952.0,759.0,1.0,2.5509941721884606,0.8634213936285964,1.0,0.2699259259259259,0.20207316222998994,68.62502071412901,75.13321502504735,8.06225774829855,2.7940026476044486,2.23606797749979,38.65422066404125,34.62018351300059,-9.057947153198102,238.01799999999963,0.5268941584731058,954.635565312843,755.6816684961581,0,75
2,76,773,65.0,755.0,1.0,2.543621403238542,0.9581000448647302,1.0,0.41874322860238355,0.2797065250747139,67.96706701564987,71.02112361825881,8.0,3.11036450914439,2.8284271247461903,19.23523380812355,19.468063173957926,-11.585743889083876,186.35599999999982,0.7207459207459207,75.35705045278137,751.2639068564037,0,76
2,77,725,843.0,768.0,1.0,1.3425343221183097,0.8803450992449443,1.0,0.6590909090909091,0.6584331325082715,44.98347912842657,46.61544808322666,11.0,4.300776812026509,4.0,21.787348515757763,21.337182335747443,-17.485270275288453,117.63000000000005,0.9119496855345912,843.2068965517242,768.04,0,77
2,78,719,281.0,762.0,1.0,1.3380305545262525,0.863684153585518,1.0,0.6431127012522362,0.5342667116096492,44.20219070218968,42.7551166528639,10.0,3.852924337955991,3.605551275463989,24.80770078722782,22.27938110417854,84.12740466475621,130.04400000000004,0.8297749567224466,281.1710709318498,767.4687065368568,0,78
2,79,945,495.0,794.0,1.0,3.171057115046246,0.9631584735055344,1.0,0.2807486631016043,0.19548504669385225,84.25917850760712,76.55063683601855,8.06225774829855,2.6972536889951364,2.23606797749979,22.97716381004603,22.660198416952436,-54.641046298009634,246.46999999999952,0.65625,480.6042328042328,814.3407407407408,0,79
2,80,665,579.0,803.0,1.0,2.00109220986367,0.9209889378226863,1.0,0.5328525641025641,0.2557283009939409,54.22024970019276,51.78802950489621,7.211102550927978,2.6590182156990574,2.23606797749979,21.259184866228306,21.123598072429562,-8.46491693212975,180.76999999999984,0.7578347578347578,593.6421052631579,800.8751879699248,0,80
2,81,405,711.0,807.0,1.0,1.602677047849815,0.7838954791060917,1.0,0.4764705882352941,0.4039314457701211,34.56428355001535,33.24154027718932,6.4031242374328485,2.6232330610396777,2.23606797749979,23.78098281757859,21.460715036779593,14.905623320229095,112.24800000000003,0.7130281690140846,715.4444444444445,808.8469135802469,0,81
2,82,419,140.0,826.0,1.0,1.0560970291640182,0.6257957767906919,1.0,0.7053872053872053,0.8023973979971544,26.507787801280035,26.92582403567252,10.198039027185569,3.8801858270233756,3.605551275463989,20.571825392998065,20.675728619211352,-69.76315334034928,81.00600000000003,0.9384098544232923,140.36276849642005,824.1384248210023,0,82
2,83,336,84.0,812.0,1.0,1.573944788820177,0.8911319456905045,1.0,0.6021505376344086,0.5568679202771603,33.44904953521999,30.805843601498726,6.082762530298219,2.7563400676826975,2.8284271247461903,16.573796235307242,15.177314298611147,-77.11864290215289,87.07600000000004,0.7896592244418331,81.32142857142857,816.1785714285714,0,83
2,84,442,807.0,830.0,1.0,1.708476564204721,0.9370919454376188,1.0,0.542997542997543,0.5168838538395049,41.41225340920351,39.395431207184416,7.810249675906654,3.092607591862032,2.8284271247461903,16.099689437998485,14.456298525795903,-22.230294571847015,103.66200000000003,0.8831168831168831,801.0361990950227,832.5045248868778,0,84
2,85,976,339.0,838.0,1.0,1.286637180358505,0.8353172238979603,1.0,0.6256410256410256,0.6241123633014839,49.54292509537065,51.478150704935004,14.0,5.07431202622977,4.357388321059432,27.67649013386484,27.23712753376505,-8.677959567694034,140.18400000000003,0.8991248272685398,339.47131147540983,836.423155737705,0,85
2,86,646,892.0,836.0,1.0,2.29296216507555,0.9143365341982389,1.0,0.4388586956521739,0.33119270077929436,56.89829295311587,52.15361924162119,7.280109889280518,2.816499160773672,2.8284271247461903,24.8,23.04125877514498,-32.50372137164392,156.55999999999995,0.6760858189429618,880.6207430340557,845.2167182662539,0,86
2,87,865,58.0,857.0,1.0,2.389570707801021,0.9256405107900827,1.0,0.3577336641852771,0.25852730815669817,67.79943079748168,64.19501538281614,7.615773105863909,2.9159575105234046,2.8284271247461903,29.460662515261774,25.655580968803427,61.31236756882226,205.04999999999964,0.592871830020562,61.10057803468208,852.564161849711,0,87
2,88,444,597.0,876.0,1.0,2.7599339632806634,0.9766404157911985,1.0,0.36333878887070375,0.3937112383632773,54.58837090163606,50.99019513592785,5.0990195135927845,2.546929280442275,2.23606797749979,11.627553482998906,11.729959789151216,-25.57162152676733,119.04400000000005,0.9024390243902439,590.7207207207207,879.6058558558559,0,88
2,89,621,222.0,885.0,1.0,1.1158201531628988,0.7095714098626384,1.0,0.6462018730489074,0.7454137152790192,34.36023410860598,35.805027579936315,11.313708498984761,4.3738474038404425,4.0,24.14953415699773,24.211373117532744,-48.13314564013133,102.31800000000004,0.917960088691796,222.66988727858293,884.0,0,89
2,90,552,739.0,877.0,1.0,2.62385398167636,0.943873252701647,1.0,0.3484848484848485,0.2449361945780586,57.63623102556447,54.70831746635972,5.385164807134504,2.4802489317948386,2.23606797749979,20.214827488515,19.037700168359326,-54.978970649764065,168.28599999999992,0.712258064516129,725.838768115942,890.1376811594203,0,90
2,91,430,641.0,895.0,1.0,1.25252110761608,0.8471605084255747,1.0,0.7239057239057239,0.7042866140221106,32.73551114956278,32.38826948140329,8.54400374531753,3.573882335018649,3.1622776601683795,17.0,17.393590302161915,3.5039789553207874,87.59200000000003,0.9368191721132898,642.5302325581396,893.853488372093,0,91
2,92,922,544.0,903.0,1.0,1.042685218398609,0.5902761373569599,1.0,0.7787162162162162,0.7205905758352109,38.507909542876604,39.44616584663204,15.0,5.552595221655541,5.0,30.678852651297113,31.083638052926858,-25.77654887124332,126.80200000000005,0.9505154639175257,544.0780911062907,903.7689804772234,0,92
2,93,537,145.0,922.0,1.0,1.7283021547423105,0.7555222347961903,1.0,0.5424242424242425,0.2932330976209804,40.673523011831534,37.013511046643494,5.385164807134504,2.4705985313732253,2.23606797749979,24.8502542267707,26.646160651991,57.70630207563098,151.69999999999993,0.7276422764227644,137.3221601489758,910.5679702048417,0,93
2,94,665,848.0,911.0,1.0,1.5256182214921368,0.8616303344832982,1.0,0.5232100708103855,0.5639258393999865,45.325128043112294,44.294469180700204,9.055385138137417,3.8063855546364183,3.605551275463989,23.649823663022,23.004150948991178,-22.404384079345625,121.73200000000004,0.7997594708358391,849.4090225563909,907.8255639097745,0,94
2,95,489,406.0,927.0,1.0,1.565062626232008,0.8625601461293303,1.0,0.6127819548872181,0.4937438645487386,39.40643414492282,37.21558813185679,8.06225774829855,3.153296886924071,2.8284271247461903,20.0,19.937864173709734,84.63509719501225,111.56000000000004,0.8149999999999998,407.90184049079755,932.3108384458078,0,95
2,96,386,304.0,946.0,1.0,1.5056722698302347,0.6950437160770161,1.0,0.5744047619047619,0.4522859378342886,31.265057434283044,27.65863337187866,5.830951894845301,2.6008967127065965,2.23606797749979,21.707152945459132,22.47855945652708,77.30980730295576,103.56000000000004,0.738755980861244,309.860103626943,947.7979274611399,0,96
2,97,1626,166.0,974.0,1.0,1.5887155260158046,0.9162090491107963,1.0,0.4321020462397024,0.4456726014597705,75.21332391933755,85.44588931013593,16.15549442140351,5.732458216290433,5.0,32.6,30.13802472515713,-36.022728466351076,214.11999999999964,0.8635156664896442,166.12792127921279,975.0276752767528,0,97
2,98,756,858.0,954.0,1.0,1.9597999031363964,0.8528842658337336,1.0,0.4405594405594406,0.2292562443378456,54.42685822157673,49.4064773081425,7.0710678118654755,2.6079063858283376,2.23606797749979,28.104623623091506,28.41626367268323,-41.594578301883814,203.56599999999983,0.7193149381541387,844.2910052910053,967.2275132275132,0,98
2,99,628,657.0,974.0,1.0,1.0311170770129832,0.380213539833593,1.0,0.6752688172043011,0.7563569097571566,29.83531219737308,31.016124838541646,12.206555615733702,4.5872049514528115,4.123105625617661,27.091418459143853,27.594642414884213,62.12368175609041,102.14600000000004,0.9134545454545454,657.2675159235669,974.9044585987261,0,99
2,100,741,247.0,995.0,1.0,1.01563769193076,0.41155933119111116,1.0,0.7243401759530792,0.864204710777303,32.37391198419839,32.38826948140329,14.0,5.2360980131928905,4.47213595499958,29.09295447354909,29.5050320352026,10.53632136344635,103.80200000000005,0.953054662379421,247.20107962213226,993.8866396761133,0,100
2,101,1624,426.0,1004.0,1.0,1.7589254383085036,0.9429304194055548,1.0,0.5852252252252252,0.5497645226336048,80.83109811765826,75.50496672405067,13.92838827718412,5.532478766407802,5.0990195135927845,27.828043409481737,26.915933290324386,-16.340905920862234,192.66799999999978,0.9019716745348514,437.01847290640393,999.7672413793103,0,101
2,102,340,32.0,1023.0,1.0,2.1920622601640645,0.9584681716288335,1.0,0.6227106227106227,0.45148326513254655,41.90243994766381,38.63935817272331,6.0,2.7412090077387155,2.8284271247461903,11.860460371807406,11.950555595807684,8.52545026882735,97.28000000000002,0.8364083640836408,18.620588235294118,1016.1058823529412,0,102
3,1,662,326.0,6.0,1.0,1.1383108961455295,0.7931395751980421,1.0,0.8132678132678133,0.7690437825794685,37.43090495880618,36.22154055254967,14.317821063276353,5.9016541916300165,5.385164807134504,21.0,22.796915057450178,-3.070158795583481,104.00600000000004,0.9608127721335269,323.57099697885195,9.785498489425981,0,1
3,2,2012,104.0,0.0,1.0,3.2302437254032723,0.9864900981467032,1.0,0.6108075288403157,0.3270474633013899,126.74557308398715,123.35720489699821,13.892443989449804,4.991303873354998,5.0,21.254534449313155,20.763573459712653,-7.471377127323506,278.0439999999997,0.9137148047229791,61.8941351888668,13.314612326043738,0,2
3,3,530,427.0,21.0,1.0,1.3894218262848856,0.8972905508828227,1.0,0.5888888888888889,0.6856213674982199,39.63100758803284,38.07886552931954,8.48528137423857,3.742762431679711,3.605551275463989,17.23588146153534,17.494729662025694,28.006502857750107,98.56000000000004,0.9506726457399103,420.29245283018867,16.933962264150942,0,3
3,4,394,932.0,10.0,1.0,1.3743233318978563,0.7822951331138893,1.0,0.635483870967742,0.4586079214591903,31.550778184634712,31.622776601683793,7.0,2.80214932496077,2.8284271247461903,19.0,19.65323082665093,-84.27741272103378,103.90400000000004,0.7903711133400202,930.0659898477157,13.357868020304569,0,4
3,5,442,841.0,45.0,1.0,1.0450530193863001,0.6048942527882116,1.0,0.6538461538461539,0.8148783225112104,26.866734428922356,26.419689627245813,9.899494936611665,4.035676341313513,3.605551275463989,19.79898987322333,21.394136719859013,-48.898432880636314,82.56000000000004,0.9384288747346072,839.5814479638009,46.10180995475113,0,5
3,6,718,714.0,63.0,1.0,1.7453783470994524,0.9451598050838318,1.0,0.4198830409356725,0.5081287865531351,53.678752526766004,54.405882034941776,9.433981132056603,3.7662493751899686,3.605551275463989,18.384776310850235,17.531922922511818,42.332973289813204,133.25400000000008,0.9117460317460317,715.708913649025,64.30779944289694,0,6
3,7,418,875.0,85.0,1.0,1.910799104031239,0.9548938273810776,1.0,0.44,0.5187178587481722,43.238140835774374,40.718546143004666,6.708203932499369,2.9015397344260965,2.8284271247461903,12.71997456007632,12.839454962673445,-58.05637520540044,100.63000000000005,0.9037837837837838,871.4473684210526,89.61961722488039,0,7
3,8,889,244.0,88.0,1.0,1.497724955436533,0.9124180265866841,1.0,0.6465454545454545,0.5510168061884405,53.87012184951931,56.92099788303083,11.40175425099138,4.545889123183107,4.0,22.313277503342633,22.046859555561344,13.352767544907698,142.388,0.9136690647482015,247.9291338582677,88.24521934758155,0,8
3,9,835,933.0,77.0,1.0,1.1271464623482856,0.6271138307636203,1.0,0.6821895424836601,0.65615088908667,38.63040232433294,36.68787265568828,12.0,4.682699231508284,4.123105625617661,30.054246487955123,30.090287492557565,-58.26577492430125,126.45800000000007,0.8720626631853786,932.7652694610779,81.837125748503,0,9
3,10,488,76.0,110.0,1.0,1.627416499024079,0.9012796735427533,1.0,0.5126050420168067,0.4476425644917276,41.27598084194008,38.600518131237564,7.615773105863909,2.930469220201882,2.8284271247461903,18.257039431898356,17.882313165879356,50.91865170116911,117.04400000000005,0.8201680672268907,71.98770491803279,106.85040983606558,0,10
3,11,2101,362.0,94.0,1.0,2.449960920293991,0.9509084493919051,1.0,0.34601449275362317,0.35410533383792875,109.21112262485312,99.00505037623081,15.231546211727817,5.1970319368248825,4.47213595499958,39.22691699696858,33.79782019940644,33.836576437931804,273.05599999999936,0.7164535379369139,377.11280342693954,106.93812470252261,0,11
3,12,1012,491.0,139.0,1.0,1.168327088647609,0.8211298162491281,1.0,0.7376093294460642,0.795239161384084,47.64883840245851,48.25971404805462,14.0,5.55371537242525,5.0,27.0,27.195168043928735,-0.8813057369877849,126.45800000000006,0.95561850802644,489.3883399209486,139.10375494071147,0,12
3,13,975,782.0,144.0,1.0,1.0772964160006653,0.6691668928361307,1.0,0.6871035940803383,0.7550182359936277,41.51397397099314,43.174066289845804,15.297058540778355,5.564104082685523,5.0,30.802024379614288,30.84953851001374,-10.629508529251844,127.38800000000005,0.9325681492109039,784.7189743589744,143.77435897435896,0,13
3,14,599,678.0,155.0,1.0,1.1384228428997119,0.7989606684908603,1.0,0.7779220779220779,0.7987538057484538,35.733323457160104,34.92849839314596,10.770329614269007,4.437592954908237,4.0,21.0,21.48942328798481,9.86385466037686,97.07600000000004,0.9530628480509149,676.2136894824708,155.25208681135226,0,14
3,15,381,139.0,161.0,1.0,2.310539729533762,0.9663784783934533,1.0,0.6479591836734694,0.4850640592204478,45.85244300596176,41.773197148410844,5.0990195135927845,2.6365134163241257,2.8284271247461903,12.020815280171307,11.7897533124667,6.637235033631468,99.35000000000004,0.8561797752808988,128.28608923884514,160.25721784776903,0,15
3,16,448,344.0,156.0,1.0,1.7502617369058784,0.9150400363656457,1.0,0.5894736842105263,0.5029214086643015,41.451668413995996,39.11521443121589,6.708203932499369,2.982877281558126,2.8284271247461903,17.41746689005729,16.72007046094859,-5.224372536136713,105.80200000000005,0.7936226749335695,340.5625,159.11160714285714,0,16
3,17,565,963.0,169.0,1.0,1.945729208959563,0.929297904336959,1.0,0.558300395256917,0.43469336503179784,49.62316848251745,45.5411901469428,8.94427190999916,3.207050178616081,3.0,19.656811641322683,18.32737561002503,-78.67295403005716,127.80200000000005,0.7206632653061225,964.7398230088496,158.32743362831857,0,17
3,18,453,893.0,171.0,1.0,1.9957447624767477,0.8683129977163458,1.0,0.4594320486815416,0.3179675904948376,42.990595697973326,38.948684188300895,5.830951894845301,2.4918507984323464,2.23606797749979,21.437323142813604,21.324052166182877,28.28264651025696,133.80200000000002,0.6598689002184996,882.1832229580574,166.03973509933775,0,18
3,19,2048,216.0,151.0,1.0,3.2630285631742884,0.9775265031008893,1.0,0.2952710495963091,0.3415307446666628,127.43585712798026,110.57124400132251,12.0,4.774806639269549,4.242640687119285,30.513158678340755,26.865079362055166,32.737193429498,274.50799999999913,0.7306457367106672,245.78076171875,171.20458984375,0,19
3,20,944,616.0,219.0,1.0,3.7785456724318336,0.9891041770624402,1.0,0.31978319783197834,0.3026489827272395,94.16022528871667,85.07055894961546,7.0710678118654755,3.117694922143589,3.0,14.706320480288927,13.862012055165554,21.625127620312607,197.97999999999973,0.8797763280521901,594.6599576271186,209.63665254237287,0,20
3,21,485,707.0,236.0,1.0,1.3789361520802603,0.8981624456695808,1.0,0.7507739938080495,0.6509145463084077,37.79800740584888,37.05401462729781,8.94427190999916,3.6124332675554536,3.1622776601683795,16.0,16.618414027827797,-0.5067425628733544,96.76400000000002,0.922930542340628,710.498969072165,236.1340206185567,0,21
3,22,468,964.0,237.0,1.0,2.5021171436083547,0.9721822386951477,1.0,0.7346938775510204,0.42479878384065123,53.14603198607875,48.373546489791295,5.830951894845301,2.7174882023994,2.8284271247461903,12.0,12.448168384918205,0.35006607488667607,117.66200000000005,0.8305235137533276,969.9786324786324,235.70726495726495,0,22
3,23,911,152.0,251.0,1.0,1.4097369592947875,0.8776040217754136,1.0,0.6379551820728291,0.5971619574607049,51.55319907702882,50.80354318352215,12.649110640673518,4.695027699375326,4.123105625617661,26.678918753996626,24.713895010883235,-1.9487754672038733,138.45800000000003,0.9060169070114372,145.65093304061472,250.02195389681668,0,23
3,24,500,438.0,252.0,1.0,2.2153980086965643,0.8059486112977328,1.0,0.4409171075837742,0.19523786112939565,45.70046104118442,41.43669871020132,5.0,2.0699164772067085,2.0,25.95131187888763,27.054010423941925,-5.953138967419773,179.3939999999998,0.607164541590771,420.948,251.282,0,24
3,25,930,46.0,258.0,1.0,1.0815389864661853,0.7133275222687278,1.0,0.8303571428571429,0.7851098657784579,41.44953073816339,40.718546143004666,14.0,5.547994956916492,5.0,27.0,29.0491088439018,-6.325921508026571,122.00600000000004,0.9602478058853898,45.6258064516129,257.31720430107526,0,25
3,26,815,517.0,262.0,1.0,1.9230534070738714,0.9507042117701289,1.0,0.5957602339181286,0.4907770853909519,60.30293251178232,57.271284253105414,10.198039027185569,3.834311720686678,3.605551275463989,20.650695375996303,18.69988995129424,-11.11180280703128,144.458,0.8542976939203353,525.760736196319,260.080981595092,0,26
3,27,339,902.0,250.0,1.0,1.6928858837607133,0.8566244475479858,1.0,0.5044642857142857,0.46887785302867074,34.001756937484366,30.4138126514911,5.0,2.4995755986274544,2.23606797749979,17.857674868922267,17.54288203598817,63.66716178751373,95.31800000000004,0.7353579175704988,904.3215339233038,259.08849557522126,0,27
3,28,566,189.0,279.0,1.0,1.1759494855887653,0.8114437769446132,1.0,0.7146464646464646,0.7585261389691106,35.56744201768863,35.510561809129406,10.770329614269007,4.239381196083186,4.0,21.019038988498025,20.78669754259462,22.78542351553557,96.83400000000005,0.9528619528619526,185.339222614841,277.74911660777383,0,28
3,29,534,299.0,280.0,1.0,1.4222588926363193,0.8841133779909359,1.0,0.5297619047619048,0.47215221230168564,39.857149673449406,39.11521443121589,8.602325267042627,3.2950441704922886,3.0,19.23018460649819,18.62414765074773,-54.33817637667766,119.21600000000005,0.8689991863303499,298.2378277153558,279.0056179775281,0,29
3,30,584,691.0,282.0,1.0,1.3042343878442555,0.5378374610784017,1.0,0.5367647058823529,0.5139958220199784,33.68974489211674,35.34119409414458,8.48528137423857,3.406140668416171,3.0,28.411386741088936,28.402090737092635,17.55169182123709,119.49000000000004,0.8219563687543983,688.7585616438356,284.4845890410959,0,30
3,31,419,969.0,305.0,1.0,1.513255451335807,0.9091718123513324,1.0,0.6161764705882353,0.6290376378380924,37.11635750834759,34.48187929913333,7.810249675906654,3.2118959874929196,3.0,16.37631236137663,15.456038125070757,-15.51889546497303,91.49000000000004,0.8639175257731959,973.8663484486874,304.00954653937947,0,31
3,32,341,405.0,315.0,1.0,2.1594850148250777,0.9642820547730958,1.0,0.39285714285714285,0.5103743853256251,41.86746316228574,37.8021163428716,5.385164807134504,2.540658234686964,2.23606797749979,10.8,11.089751252753354,-38.218011384045944,91.63000000000005,0.9045092838196288,412.0615835777126,310.19354838709677,0,32
3,33,821,611.0,313.0,1.0,1.085498713257303,0.6514204547482837,1.0,0.6934121621621622,0.6757673765579326,37.96241865933312,39.05124837953327,13.038404810405298,4.869505936762606,4.242640687119285,27.11151937384957,28.802730022454092,-30.87139558047113,123.56000000000004,0.9132369299221358,608.6504263093788,314.14250913520095,0,33
3,34,543,867.0,322.0,1.0,4.55122123033031,0.9918305654583881,1.0,0.24197860962566844,0.26218734765679136,78.60033345249036,72.01388754955533,4.47213595499958,2.2920732133943647,2.23606797749979,10.8103320691701,10.026435939713727,28.350446973974368,161.32399999999996,0.8497652582159625,851.7937384898711,312.3867403314917,0,34
3,35,510,20.0,329.0,1.0,2.6891307936878093,0.9437190728454595,1.0,0.38753799392097266,0.23043273930455205,56.080799034114044,48.08326112068523,6.4031242374328485,2.367550962010575,2.0,18.50955986047139,18.548618226708967,-19.521247564848434,166.7699999999999,0.6962457337883959,30.533333333333335,325.93529411764706,0,35
3,36,501,209.0,336.0,1.0,1.800078076767936,0.6577343700766936,1.0,0.49702380952380953,0.3042903930010306,38.288342437665165,35.22782990761707,6.0,2.5250398937889726,2.23606797749979,27.0,28.840692312545904,-8.413141896718974,143.84,0.65748031496063,208.81437125748502,344.01596806387226,0,36
3,37,320,841.0,343.0,1.0,3.56134463696847,0.9871281239237271,1.0,0.27350427350427353,0.3038308688080176,53.169018557686584,50.11985634456667,4.47213595499958,2.0888322088428017,2.0,8.682431421244592,8.503397943730784,26.51077257947389,115.04400000000005,0.9235209235209235,834.321875,339.921875,0,37
3,38,1035,735.0,360.0,1.0,1.391329183005706,0.8909667484258136,1.0,0.5113636363636364,0.5984144186476746,55.11446263116646,55.97320787662612,11.180339887498949,4.79403572466191,4.242640687119285,25.397013919126714,25.02574444050595,46.74772310564957,147.42599999999996,0.8945548833189283,740.4019323671498,366.1391304347826,0,38
3,39,336,919.0,362.0,1.0,3.7358759586602366,0.9765654249244595,1.0,0.5274725274725275,0.29049767629578055,55.24391659998645,48.507731342539614,5.0990195135927845,2.177662226216105,2.0,11.510400130486145,11.88963711373155,87.9102047209435,120.56000000000004,0.6381766381766383,917.5863095238095,352.6488095238095,0,39
3,40,709,88.0,367.0,1.0,1.1789986537711976,0.70155365826257,1.0,0.5487616099071208,0.602940860454749,37.586867073803184,37.656340767525464,10.770329614269007,4.153808000189759,3.605551275463989,26.873896325708493,26.78502663146505,-27.32984793746036,121.56000000000004,0.8470728793309441,93.71650211565586,364.24400564174897,0,40
3,41,495,341.0,366.0,1.0,1.8058074756891414,0.9393963732006684,1.0,0.5,0.44433796647281054,45.132597237817244,44.40720662234904,7.211102550927978,3.0227854821808386,2.8284271247461903,16.592925780957675,15.472942927410198,9.636120242759459,118.31800000000004,0.7951807228915663,338.4020202020202,365.9919191919192,0,41
3,42,337,964.0,425.0,1.0,2.629176648114164,0.9576905781684467,1.0,0.35214211076280044,0.41394471286361767,45.64611177615337,40.0,5.0,2.308162084274859,2.23606797749979,13.600005097358613,13.136944346475305,42.99290691299314,101.14600000000004,0.7334058759521219,955.1839762611276,414.0118694362018,0,42
3,43,487,243.0,411.0,1.0,1.9647466356521002,0.9514355572173799,1.0,0.4348214285714286,0.4448836806227899,47.17207306431809,46.32493928760188,7.0710678118654755,2.995706229970637,2.8284271247461903,14.940730932790581,14.52182753339305,-30.587909296808704,117.28600000000006,0.8886861313868614,235.305954825462,414.72484599589325,0,43
3,44,425,668.0,427.0,1.0,1.8663397456595254,0.9342491077967109,1.0,0.6213450292397661,0.5647255502760672,42.339959398400964,37.656340767525464,6.4031242374328485,2.953284972591121,2.8284271247461903,15.493174675916539,15.099322634357637,-9.375901513440812,97.24800000000005,0.814176245210728,676.7694117647059,425.78823529411767,0,44
3,45,445,820.0,423.0,1.0,2.301482714440618,0.9052129844708782,1.0,0.5297619047619048,0.31756163498868095,46.997855081148856,41.773197148410844,6.708203932499369,2.5090867559191583,2.23606797749979,19.0,19.972122848396364,6.832201547013373,132.70000000000002,0.7057890563045203,808.4966292134832,423.7977528089888,0,45
3,46,419,410.0,430.0,1.0,1.6232685053826885,0.8668454203801315,1.0,0.4982164090368609,0.5363977630491426,37.265569032556314,33.60059523282288,6.324555320336759,2.9180973606028555,2.8284271247461903,18.874769781551493,18.57975532142628,-43.19510857826328,99.07600000000004,0.7809878844361603,415.54653937947495,428.90930787589497,0,46
3,47,404,937.0,433.0,1.0,2.639341859301308,0.9027357082001971,1.0,0.34121621621621623,0.34396176198659106,47.86203509511769,43.266615305567875,5.385164807134504,2.314159327980807,2.0,21.802849207767373,20.590036175174546,42.194307401644416,121.49000000000004,0.6224961479198767,937.9183168316831,426.48514851485146,0,47
3,48,402,84.0,439.0,1.0,1.4209483218182102,0.7929879586053089,1.0,0.6090909090909091,0.5580265303188717,32.60071626125342,29.68164415931166,7.0710678118654755,2.9395220398555595,2.8284271247461903,20.932931683497642,19.861572615159382,77.57917957423444,95.14600000000004,0.8007968127490039,87.99004975124379,443.0124378109453,0,48
3,49,426,455.0,487.0,1.0,1.6414788512149412,0.9163683813982865,1.0,0.5634920634920635,0.5464837068071278,39.192061614432625,36.138621999185304,6.4031242374328485,3.0207310637845803,2.8284271247461903,16.400984961041445,15.689996931758165,16.38310528101139,98.97400000000005,0.8208092485549133,445.518779342723,485.0657276995305,0,49
3,50,599,211.0,496.0,1.0,1.2854859781720571,0.8713811894763818,1.0,0.6305263157894737,0.7180233486926577,39.769080532718675,39.56008088970496,9.848857801796104,4.115691399181556,3.605551275463989,19.3729764670938,19.510972844734486,-23.16882847721804,102.38800000000005,0.9455406471981056,212.48580968280467,494.5542570951586,0,50
3,51,818,569.0,492.0,1.0,1.7663565513136505,0.8219647744992035,1.0,0.5164141414141414,0.30620193353596914,52.689297395589826,51.07837115648854,8.54400374531753,3.00791849889303,2.8284271247461903,29.164656370477843,30.00857445418538,22.411604227923778,183.22199999999978,0.755309325946445,555.6063569682152,486.9376528117359,0,51
3,52,687,326.0,492.0,1.0,2.4265747326875986,0.8932352929008089,1.0,0.45436507936507936,0.21880169340781758,59.391007958948386,53.23532661682466,6.0,2.4354637612801104,2.23606797749979,23.467257937857827,26.701573110814397,-9.614370830145376,198.6359999999997,0.6818858560794044,307.3508005822416,498.3420669577875,0,52
3,53,420,90.0,506.0,1.0,2.08682335864798,0.9464503975085481,1.0,0.40540540540540543,0.4783179205824192,44.95942390189225,42.43819034784589,6.4031242374328485,2.7720264833853596,2.8284271247461903,15.109662034355793,14.515116762749214,-33.092100722479856,105.04400000000005,0.8308605341246291,86.38333333333334,505.71190476190475,0,53
3,54,327,894.0,509.0,1.0,1.8186820232763348,0.943857267571511,1.0,0.6055555555555555,0.5026070907339696,36.97288416060033,35.014282800023196,5.0990195135927845,2.617236894081195,2.23606797749979,12.955094857183434,12.21412300204996,3.3979207425535543,90.42000000000003,0.8352490421455939,895.0672782874618,510.3975535168196,0,54
3,55,492,800.0,497.0,1.0,2.8600160984732947,0.9030494114906221,1.0,0.3271276595744681,0.24623320987832129,54.977929524693124,49.39635614091387,5.0990195135927845,2.335717659708055,2.0,25.06880051392166,23.615037381532826,65.80991096511156,158.4579999999999,0.5658424381828637,811.1646341463414,512.2764227642276,0,55
3,56,669,1021.0,532.0,1.0,1.3856155856106538,0.7561253320216553,1.0,0.6027027027027027,0.2783084818944717,40.66196883920416,39.395431207184416,9.055385138137417,3.397233799232082,3.0,28.129578510596478,26.61028356942053,1.4872368973618166,173.80199999999994,0.8208588957055214,1008.3243647234679,528.0104633781764,0,56
3,57,367,37.0,531.0,1.0,3.0135822015456566,0.9635120176909212,1.0,0.31154499151103565,0.3495003083807553,51.24896843661444,43.278170016764804,5.830951894845301,2.3093454108645783,2.0,14.323033074949878,13.717558921901349,-31.542345107518372,114.87200000000006,0.6672727272727272,27.049046321525886,536.9318801089918,0,57
3,58,351,718.0,547.0,1.0,1.7921709545562303,0.8181395751004986,1.0,0.5501567398119123,0.39021448255914243,34.721883826658726,30.083217912982647,5.656854249492381,2.3636201400270247,2.23606797749979,20.91841558285994,19.96576662564165,12.574122597679327,106.31800000000004,0.669208770257388,709.7948717948718,543.8376068376068,0,58
3,59,502,271.0,551.0,1.0,1.492240224616287,0.8813480423358743,1.0,0.5245559038662487,0.5957294470459513,39.50568938430639,35.805027579936315,7.280109889280518,3.3922635094628624,3.0,19.469138290319254,18.665158049947514,-32.969535122795705,102.90400000000004,0.8263374485596707,268.20717131474106,554.6235059760957,0,59
3,60,506,398.0,559.0,1.0,3.9307513907744993,0.9593564939051015,1.0,0.36065573770491804,0.24569677650206675,68.43431274756068,60.530983801686226,6.4031242374328485,2.3299311779531076,2.0,20.85512513847579,19.31195421300807,-6.652030985582571,160.8719999999999,0.5897435897435898,416.701581027668,552.8893280632411,0,60
3,61,1152,499.0,584.0,1.0,5.6234687762877,0.9540691996470045,1.0,0.1966205837173579,0.18462497280864026,122.84236762434408,106.50821564555478,6.4031242374328485,2.7152972337401713,2.8284271247461903,36.25784466477217,36.80189268317272,-31.531741984929468,280.0179999999997,0.42190075077824574,493.76475694444446,575.3151041666666,0,61
3,62,460,836.0,567.0,1.0,1.9079918941492047,0.7897839788327922,1.0,0.3484848484848485,0.3357330582954719,40.309213317050585,39.81205847478876,6.708203932499369,2.6003947119847117,2.23606797749979,31.074634378407634,24.725070377347993,-35.22855059672459,131.216,0.6233062330623306,839.2,566.6021739130434,0,62
3,63,414,165.0,567.0,1.0,2.5215554345845534,0.9176943962540284,1.0,0.3424317617866005,0.2750603241891515,47.91085546322281,43.04648650006177,5.0990195135927845,2.2010864849424694,2.0,19.16023211025585,19.03436212764355,-39.34419696542384,137.52800000000002,0.6566217287866772,154.06280193236714,571.2826086956521,0,63
3,64,371,993.0,610.0,1.0,1.7558667184903105,0.8734595828220098,1.0,0.47381864623243936,0.44957087443715626,36.64157092707006,33.24154027718932,5.830951894845301,2.618911579890012,2.23606797749979,18.07240102565558,17.84065848864645,-45.25932871843874,101.83400000000003,0.7737226277372263,998.5768194070081,604.0754716981132,0,64
3,65,2104,734.0,648.0,1.0,2.838532341184715,0.8119694457490646,1.0,0.2570869990224829,0.19798963266981304,106.35171887871165,110.63453348751464,15.297058540778355,4.367333595701765,3.605551275463989,68.38270961290921,62.07749185679093,42.5257285648362,365.4319999999993,0.46348716819032915,745.5446768060837,643.5717680608365,0,65
3,66,760,328.0,620.0,1.0,2.0700878603603683,0.9138718123510478,1.0,0.414620840152755,0.3103384127542054,58.61403662956695,56.61271941887264,9.219544457292887,3.10061951786176,2.8284271247461903,24.041630560342615,23.797465660452314,-43.20494033186656,175.42599999999987,0.7321772639691715,334.8802631578947,616.3894736842105,0,66
3,67,724,572.0,642.0,1.0,1.4770181404386595,0.9129490201437831,1.0,0.5351071692535108,0.6349801212022002,48.30923887520821,45.48626166217664,10.295630140987,4.193365729300008,4.0,20.282997806044353,19.71372641808461,54.94613605244695,119.70000000000006,0.938431626701231,568.5082872928177,636.5441988950276,0,67
3,68,462,272.0,650.0,1.0,1.6238471875405402,0.8947699992142892,1.0,0.6398891966759003,0.5317437343526346,39.92498616821923,37.33630940518894,7.615773105863909,3.141328648917687,3.0,17.190414329724174,17.827597119423725,-4.512727161332802,104.49000000000004,0.8140969162995595,266.504329004329,651.4090909090909,0,68
3,69,460,443.0,651.0,1.0,1.3711523998792081,0.8758968217852786,1.0,0.6060606060606061,0.6782579941739961,36.118786175164324,34.539832078341085,8.94427190999916,3.4978908696594546,3.08113883008419,18.335757415498275,17.42725847018791,19.025828670707874,92.31800000000004,0.9028459273797841,448.1673913043478,651.5347826086957,0,69
3,70,494,48.0,667.0,1.0,1.8749919248847362,0.8873687383747053,1.0,0.5507246376811594,0.47385395205475994,44.1082521200477,39.84971769034255,7.0710678118654755,2.921501610329002,2.8284271247461903,20.442631348987053,20.336569786765278,80.54937128256712,114.45800000000006,0.7113030957523399,47.493927125506076,655.7591093117409,0,70
3,71,1013,646.0,658.0,1.0,1.0922525970192325,0.6948111671799447,1.0,0.6339173967459324,0.71505323618257,43.09318794667762,46.389654018972806,14.7648230602334,5.434295851285841,5.0,32.0,30.99228528615175,1.8841123909128545,133.42600000000004,0.9117911791179117,646.7986179664364,658.2092793682132,0,71
3,72,887,141.0,663.0,1.0,1.868483914367369,0.913533369245386,1.0,0.5385549483910139,0.33430390613051914,60.140921420380785,60.40695324215582,10.816653826391969,3.748722109265985,3.0,25.854160666368116,24.46314930994812,-11.163000323428866,182.59799999999984,0.7342715231788078,143.34498308906427,660.9819616685456,0,72
3,73,426,409.0,682.0,1.0,1.885534278537737,0.9353689926165246,1.0,0.5748987854251012,0.47575700755062944,42.64592713050088,39.56008088970496,7.0,2.884655974594313,2.8284271247461903,15.214987356755278,15.082728463833458,-11.5836504488151,106.07600000000004,0.8007518796992481,400.23943661971833,683.3028169014085,0,73
3,74,397,960.0,691.0,1.0,2.3420445064194566,0.7573271476668232,1.0,0.3007575757575758,0.21806533526861266,40.7494245479142,41.10960958218893,6.324555320336759,2.212048457991521,2.0,24.748737341529164,26.61082792133352,-40.27127640018757,151.254,0.5464556090846524,964.9118387909319,685.705289672544,0,74
3,75,744,503.0,732.0,1.0,1.2607287021215927,0.7199328342188575,1.0,0.6048780487804878,0.404058666412466,40.15843199628215,42.05948168962618,9.848857801796104,3.8114567076787,3.1622776601683795,28.607794084006915,27.87170836938565,4.409222699144074,152.11399999999992,0.8189323059988993,500.56854838709677,733.0806451612904,0,75
3,76,323,830.0,739.0,1.0,1.1724396519482874,0.789202499500177,1.0,0.6296296296296297,0.7247937958286765,26.507287693230776,26.92582403567252,7.810249675906654,3.2251543503795475,2.8284271247461903,16.753211724704713,16.279001690346092,-13.806128187806916,74.83400000000003,0.9228571428571428,828.4613003095975,738.3993808049536,0,76
3,77,648,53.0,740.0,1.0,1.1708074902301961,0.5936699984582883,1.0,0.5729442970822282,0.6399577019696707,34.26211422718262,38.3275357934736,10.770329614269007,4.104264029207372,3.605551275463989,27.939176096936176,27.571018015726136,-13.690576448302572,112.80200000000006,0.885850991114149,53.44753086419753,740.4537037037037,0,77
3,78,545,560.0,750.0,1.0,1.0330481994346383,0.44106756781752116,1.0,0.7486263736263736,0.7766729538795176,28.20898650245103,28.30194339616981,12.0,4.324526499238953,4.0,24.596747752497688,25.31682912257495,47.370619766214574,93.90400000000004,0.9494773519163763,560.1394495412844,748.7853211009175,0,78
3,79,889,229.0,744.0,1.0,1.462014299859557,0.9081560600940358,1.0,0.5427350427350427,0.6515589052762492,53.04979010325337,51.088159097779204,10.63014581273465,4.5613929679309555,4.242640687119285,21.415881957089695,22.208328267914343,-41.95167354047755,130.94200000000006,0.9397463002114165,233.1676040494938,740.970753655793,0,79
3,80,389,647.0,763.0,1.0,2.0311910461188174,0.9590675297283575,1.0,0.6615646258503401,0.48376809606902205,43.163799661312034,41.10960958218893,5.830951894845301,2.7329500849329826,2.8284271247461903,12.403473458920846,12.223015119167968,-5.948141917734464,100.52200000000003,0.8663697104677061,644.9280205655527,762.7095115681234,0,80
3,81,316,721.0,763.0,1.0,1.7529781586182267,0.9345350290614585,1.0,0.47878787878787876,0.554012927934069,35.40995015532751,32.802438933713454,5.656854249492381,2.640299042729391,2.23606797749979,13.205486956735035,12.6013798849486,-59.51704100287624,84.66200000000003,0.8863955119214586,718.626582278481,763.1550632911392,0,81
3,82,644,755.0,792.0,1.0,2.285676769813259,0.9324022827356896,1.0,0.38310529446757885,0.3826587193382406,57.54899659732701,51.088159097779204,7.0,3.004102100663641,2.8284271247461903,21.115841579570525,20.799483086770508,54.87983074301593,145.42600000000002,0.696969696969697,763.2577639751553,803.4627329192547,0,82
3,83,623,229.0,796.0,1.0,2.7174645821914196,0.9366962214175452,1.0,0.4635416666666667,0.28632415951907425,61.929587473103695,55.226805085936306,6.0,2.5688530916836467,2.23606797749979,23.0,21.6842175896112,2.2838118983869333,165.35599999999985,0.6684549356223176,246.80256821829855,794.1910112359551,0,83
3,84,1334,407.0,831.0,1.0,3.4433260593735366,0.892515569534417,1.0,0.30519331960649737,0.13403656235287068,98.45722298069029,92.19544457292888,7.0,2.5839959049399157,2.23606797749979,46.0,44.405840280164526,-82.74119782136327,353.647999999999,0.47104519774011294,410.4385307346327,829.9527736131934,0,84
3,85,547,280.0,829.0,1.0,1.6320217902984608,0.8714494790948336,1.0,0.4051851851851852,0.35134649121626266,42.81412672275842,45.60701700396552,7.810249675906654,3.1157541677864287,2.8284271247461903,23.355281062643297,20.999698736671945,68.54211968970634,139.87199999999999,0.7725988700564972,276.1224862888483,825.5557586837294,0,85
3,86,709,529.0,816.0,1.0,1.2491795548583347,0.7776417198173757,1.0,0.6181342632955537,0.3953790960954428,40.21499399577401,38.07886552931954,9.055385138137417,3.5342502172248667,3.0,25.45584412271571,25.283475854814313,-36.013378550050255,150.11399999999995,0.8604368932038837,522.1114245416079,821.5514809590974,0,86
3,87,469,69.0,834.0,1.0,1.0670790225887998,0.46101993001208336,1.0,0.6738505747126436,0.7847390992610026,26.735109888273826,28.160255680657446,10.0,3.941839898562165,3.605551275463989,22.686847936787753,23.724463319437902,-5.457304920219956,86.66200000000003,0.923228346456693,68.83368869936034,834.6140724946695,0,87
3,88,554,837.0,820.0,1.0,2.357104385738613,0.9282944759999345,1.0,0.3768707482993197,0.24261831487098723,54.028862793184494,45.0,6.4031242374328485,2.474746084171463,2.23606797749979,18.908491068373454,20.090410565070663,53.111816337439365,169.39399999999986,0.7148387096774194,847.7418772563177,829.702166064982,0,88
3,89,791,644.0,838.0,1.0,1.0742301700925059,0.6285440166747026,1.0,0.6647058823529411,0.7412321146785185,36.73139808658142,35.0,12.529964086141668,4.958515912656535,4.47213595499958,27.85813543256583,28.56872698273265,-49.92988890186899,115.80200000000005,0.9139225880993646,643.9671302149178,840.605562579014,0,89
3,90,380,231.0,876.0,1.0,1.5800776284619298,0.9298645606954513,1.0,0.6209150326797386,0.6308048950240586,36.720121184740066,35.84689665786984,7.0,3.0592159878700556,2.914213562373095,13.243576091536141,13.509406880406774,-18.414023210046658,87.00600000000004,0.9245742092457421,229.0157894736842,876.2973684210526,0,90
3,91,410,566.0,884.0,1.0,1.4489006538359108,0.8984861388946126,1.0,0.5256410256410257,0.6423408630929783,35.63880046207686,32.64965543462902,7.615773105863909,3.236671692447283,2.914213562373095,14.92037690739827,15.645500711097402,-34.322612241363565,89.56000000000004,0.8942202835332607,572.6268292682927,879.6268292682927,0,91
3,92,815,487.0,896.0,1.0,1.3007962599539267,0.8668137359710071,1.0,0.6023651145602366,0.6446487111208054,46.49593714690576,47.43416490252569,11.40175425099138,4.650695628458816,4.123105625617661,23.25510696599781,23.18436566120682,-29.292914667286404,126.04400000000005,0.9362435381964389,487.78650306748466,897.2539877300613,0,92
3,93,639,752.0,902.0,1.0,1.0301725004594247,0.5228341819251474,1.0,0.7361751152073732,0.8180385932897424,31.18234229978699,31.240998703626616,12.36931687685298,4.771153937911566,4.123105625617661,25.93067681338071,26.58090146670013,-54.70793832979819,99.07600000000004,0.9480712166172107,752.035993740219,901.7527386541472,0,93
3,94,381,927.0,898.0,1.0,1.9557111092510706,0.9333288383526901,1.0,0.4309954751131222,0.4679909068280069,41.00936545844384,37.73592452822641,6.0,2.7089778222548966,2.8284271247461903,15.183613315779747,14.723291991854362,32.11841340041251,101.14600000000004,0.8175965665236051,924.4750656167979,894.3438320209974,0,94
3,95,511,662.0,911.0,1.0,1.6813074206222214,0.9417766595665175,1.0,0.5039447731755424,0.6117007541597349,44.33804365273978,41.6293165929973,7.211102550927978,3.3746865241924415,3.1622776601683795,13.863621460498695,14.908183308535357,-28.601284905605194,102.45800000000006,0.954248366013072,654.2818003913894,915.3111545988259,0,95
3,96,354,1023.0,927.0,1.0,1.826260105135414,0.9329351611385588,1.0,0.4392059553349876,0.48610961719766677,38.194381185598004,37.013511046643494,6.708203932499369,2.9602629007741785,2.8284271247461903,13.991596415016415,13.751673860384416,-31.280440055226094,95.66200000000003,0.8222996515679443,1010.3785310734463,934.0197740112994,0,96
3,97,427,275.0,930.0,1.0,2.026045703306323,0.9463689778853619,1.0,0.40900383141762453,0.48853827857595256,44.66515056686202,41.617304093369626,6.0,2.813963872338638,2.8284271247461903,14.722441679875693,14.430767389059492,-36.802796054432754,104.80200000000005,0.8531468531468531,269.3255269320843,935.2459016393443,0,97
3,98,824,21.0,944.0,1.0,9.836019718037171,0.9949906008961544,1.0,0.2791327913279133,0.14094753334761626,142.69601869162932,123.47064428438041,4.123105625617661,2.15096977486572,2.0,14.011744940674872,14.265109182795086,-7.124917376499267,271.04399999999964,0.5680799724233023,64.19417475728156,937.4623786407767,0,98
3,99,1022,878.0,938.0,1.0,2.6980086527171365,0.963665926634727,1.0,0.6534526854219949,0.36614249059224546,80.86647352821711,68.24954212300622,10.770329614269007,3.776768898136802,3.1622776601683795,22.0,21.600278521011944,2.1175771356599498,187.2859999999998,0.7545219638242894,897.4471624266145,938.7954990215264,0,99
3,100,815,390.0,938.0,1.0,1.2329594290227126,0.8269172417800666,1.0,0.5499325236167342,0.5527921651793826,44.09464544735899,47.4236228055175,12.206555615733702,4.837162641967013,4.242640687119285,24.29575649745823,24.795461498906576,-37.085377307387624,136.11400000000003,0.904550499445061,386.9668711656442,939.761963190184,0,100
3,101,630,533.0,958.0,1.0,1.5730108086913057,0.7952337550396622,1.0,0.5080645161290323,0.330940161118848,42.96040794564324,40.024992192379,8.246211251235321,2.8717716254931007,2.8284271247461903,27.059867747575357,26.047022342268193,-20.42395480408432,154.6679999999999,0.7078651685393258,533.8238095238095,961.1095238095238,0,101
3,102,372,762.0,963.0,1.0,2.0203786704422257,0.9332297247825542,1.0,0.457002457002457,0.49288081028179115,41.182755933295766,38.27531841800928,5.385164807134504,2.6067929781734334,2.23606797749979,14.592853772154013,14.796149858310507,23.051119424482412,97.38800000000005,0.7948717948717948,768.7688172043011,967.0940860215054,0,102
3,103,506,940.0,976.0,1.0,1.3580358752157227,0.7270767685923606,1.0,0.5560439560439561,0.35261347576317553,34.50857312498356,36.05551275463989,8.48528137423857,3.015665473786683,2.8284271247461903,24.022415222475427,23.69207374679699,-12.455597008483595,134.28600000000003,0.8181083265966047,934.7845849802371,979.3833992094861,0,103
3,104,358,121.0,981.0,1.0,1.9306475070612525,0.8962854057359714,1.0,0.5541795665634675,0.4944306722670281,38.369577480359645,33.37663853655727,6.0,2.5858739795881984,2.23606797749979,17.487070556048,17.016052017137937,-81.6936457967569,95.38800000000005,0.722502522704339,124.76815642458101,977.4245810055866,0,104
3,105,352,810.0,992.0,1.0,1.662093826854057,0.9007472075707171,1.0,0.4656084656084656,0.5105956442394514,35.42920357110119,32.64965543462902,7.211102550927978,2.784373308821901,2.8284271247461903,16.889150591664187,15.38845211445966,-43.17464490886792,93.07600000000004,0.8292108362779741,813.15625,987.4914772727273,0,105
3,106,557,282.0,1019.0,1.0,1.214030459988427,0.832759317036719,1.0,0.7578231292517007,0.7385725244609324,36.3263011586255,35.84689665786984,13.341664064126334,5.348512004672954,5.0,19.692394293561676,20.11151852198275,-14.854245199908728,97.35000000000002,0.9464740866610025,284.4721723518851,1013.8976660682226,0,106
3,107,317,669.0,1020.0,1.0,1.8465219816723288,0.2944594029438028,1.0,0.45285714285714285,0.31155035604366765,27.939013207075238,28.460498941515414,6.708203932499369,2.40808195789344,2.0,23.79651469596182,26.700308812339955,61.27251807113794,113.07600000000004,0.6469387755102041,671.1009463722397,1012.4984227129338,0,107
