ImageNumber,ObjectNumber,AreaShape_Area,AreaShape_Center_X,AreaShape_Center_Y,AreaShape_Center_Z,AreaShape_Compactness,AreaShape_Eccentricity,AreaShape_EulerNumber,AreaShape_Extent,AreaShape_FormFactor,AreaShape_MajorAxisLength,AreaShape_MaxFeretDiameter,AreaShape_MaximumRadius,AreaShape_MeanRadius,AreaShape_MedianRadius,AreaShape_MinFeretDiameter,AreaShape_MinorAxisLength,AreaShape_Orientation,AreaShape_Perimeter,AreaShape_Solidity,Children_CM_border_Count,Location_Center_X,Location_Center_Y,Location_Center_Z,Number_Object_Number,Parent_CM_inner_segment
1,1,2796,220.0,19.0,1.0,1.0979756757706027,0.5767954298061228,1.0,0.6789703739679456,0.5729536235479796,68.40657467814273,78.39005038906404,24.08318915758459,9.718056546757031,9.0,57.0,55.88055300196,-10.207293956470316,247.63599999999946,0.8704856787048568,1,221.6645207439199,25.15772532188841,0,1,1
1,2,9709,603.0,5.0,1.0,1.2600691910239028,0.7233893808764292,1.0,0.5372993912562258,0.19689171191263685,144.99264713134835,177.73013250431114,39.20459156782532,14.273670077660615,12.083045973594572,127.38373117794505,100.10876633913,61.4959323251487,787.187999999997,0.7172194725566965,1,609.6859614790401,52.89895972808734,0,2,2
1,3,4442,846.0,0.0,1.0,1.3093849015614172,0.846985822324284,1.0,0.556641604010025,0.44912953752763474,107.30429413651945,118.1905241548577,24.596747752497688,10.389751702315467,9.486832980505138,58.14163486623018,57.044623652394016,52.69442823547578,352.53999999999917,0.8589384124528668,1,867.4518235029266,37.82372805042773,0,3,3
1,4,3285,822.0,42.0,1.0,2.174033082833449,0.9557468289576787,1.0,0.35768728222996515,0.27880605321394836,129.16351314763762,130.6981254647518,16.401219466856727,6.6653671411794235,5.830951894845301,40.1196482579331,37.998667241483275,60.03123260277224,384.78799999999893,0.7677924506252192,1,820.2450532724505,46.17564687975647,0,4,4
1,5,2696,724.0,28.0,1.0,1.083526797836714,0.638200723537758,1.0,0.6527845036319613,0.5640361251516026,68.2759543525068,70.09279563550022,22.847319317591726,8.273308823392128,7.280109889280518,57.16410944430353,52.56360984540838,36.65083351868857,245.08199999999957,0.8900627269725983,1,720.6817507418398,25.167284866468844,0,5,5
1,6,4814,962.0,39.0,1.0,1.5185956903812852,0.8601356396176789,1.0,0.5215601300108342,0.22245250724621485,121.35304115946285,132.67252918370102,24.331050121192877,8.222016625286683,6.708203932499369,62.67784864862038,61.89798381419925,12.358577675365002,521.4819999999983,0.7973498964803313,1,958.2409638554217,32.234524304113,0,6,6
1,7,4918,73.0,35.0,1.0,1.0925417134709385,0.4012819974348282,1.0,0.5878556060243844,0.5071407963632859,86.14059884111545,100.23971268913334,33.54101966249684,12.618611238975856,11.40175425099138,87.90268910852691,78.90087442955358,-54.277831066611995,349.0879999999991,0.8894917706637728,1,74.814762098414,32.971126474176494,0,7,7
1,8,6134,500.0,50.0,1.0,2.257462225385544,0.8498924089878698,1.0,0.3301044021095684,0.14609744499931604,165.8253757900782,171.47011401407536,21.470910553583888,6.136623884168786,5.0990195135927845,94.63631450820778,87.38271876818376,85.18817149344258,726.3659999999974,0.5152673358813894,1,502.23263775676554,71.31626997065537,0,8,8
1,9,4496,155.0,6.0,1.0,1.6088800639327008,0.8941709018354815,1.0,0.5731769505354412,0.39457894848622044,123.67640692967606,115.03912377969506,24.698178070456937,8.893098125038424,8.154234499766936,61.830363181368654,55.37311910731124,-71.186420989431,378.39999999999907,0.8150095169038339,1,140.74110320284697,45.169483985765126,0,9,9
1,10,12683,398.0,58.0,1.0,1.0398033660850274,0.4727982510486229,1.0,0.7447445684086905,0.650282617974368,137.24927841403073,154.67385040788247,53.03772242470448,18.685220795259625,16.55294535724685,122.55172413793103,120.9400436120385,38.909251954544516,495.06799999999845,0.9109387344681463,1,401.9264369628637,62.20381613183001,0,10,10
1,11,9540,228.0,87.0,1.0,1.260589736013266,0.6422136106266134,1.0,0.48777993659883423,0.198895621778177,138.64683951787688,153.32644912082193,33.1058907144937,10.302206268129433,8.06225774829855,116.08713842996292,106.27636838808155,0.8155357488728885,776.3659999999974,0.7265526826853509,1,237.0592243186583,91.60251572327044,0,11,11
1,12,5256,830.0,134.0,1.0,2.820338990493197,0.9768740771819647,1.0,0.2713194301053066,0.25774895705709017,189.6298893786251,201.12185361118767,18.384776310850235,6.984748901857248,6.4031242374328485,47.030147017990956,40.54579599414273,59.782473708894706,506.21399999999807,0.7841850055949273,1,810.1320395738204,97.35312024353121,0,12,12
1,13,3650,24.0,139.0,1.0,1.4567105278283852,0.5274126614827668,1.0,0.4982254982254982,0.20923589905600876,88.55659291190868,99.46356116689167,19.697715603592208,6.001767298045426,5.0,72.69057710597708,75.2385008419832,56.88070292635113,468.20199999999886,0.6645425580336822,1,32.90191780821918,145.8786301369863,0,13,13
1,14,3837,1023.0,145.0,1.0,1.9951026529648255,0.9537284598663262,1.0,0.4051314539119417,0.4068303985602436,133.48637892941002,135.95587519485872,26.0,8.999067876301517,8.48528137423857,43.159195779941875,40.13525541932692,56.72697069449299,344.26599999999917,0.9014448490543873,1,991.8105290591608,118.77612718269481,0,14,14
1,15,12283,572.0,159.0,1.0,1.2627569273441583,0.42564626594113536,1.0,0.4853406037616564,0.34454354327234193,147.09348540332346,170.42300314218147,40.496913462633174,13.83765686501301,12.0,144.43166637505627,133.10337070436458,-75.0997939316288,669.321999999998,0.8240858772224088,1,561.3217455019133,165.4844907595864,0,15,15
1,16,13842,724.0,152.0,1.0,1.328869158666844,0.8641585498632299,1.0,0.5259118541033435,0.348002342231914,192.9588224497628,207.5090359478353,45.79301256742124,15.692853351803647,13.92838827718412,102.34481240682224,97.10066813585559,26.231570895656507,706.9899999999972,0.8830340340021051,1,738.2143476376247,156.39459615662477,0,16,16
1,17,7694,214.0,227.0,1.0,1.1721313539427431,0.7185001406658116,1.0,0.5457511703787772,0.4684437546884547,124.2068262803063,133.2216198670471,37.21558813185679,12.609277719632239,11.045361017187261,96.63237668537482,86.389178058915,59.0924831688233,454.3099999999986,0.8267340031161013,1,209.29022615024695,224.3462438263582,0,17,17
1,18,4981,115.0,203.0,1.0,1.2894548907741563,0.815629133414393,1.0,0.5775072463768116,0.43144681203216767,110.53152260760697,115.7410903698423,26.92582403567252,9.326704870379459,8.48528137423857,72.53925969722242,63.9507839170745,86.65361582331074,380.88999999999896,0.7749513807856866,1,110.44770126480627,207.9654687813692,0,18,18
1,19,13593,427.0,212.0,1.0,1.2496015090098305,0.7542414944328908,1.0,0.5776389597144315,0.2680345299589831,173.52566078140745,175.85505395068975,42.5440947723653,14.502469097838098,12.206555615733702,140.40915357793455,113.93644780478098,-51.77254173611423,798.301999999997,0.7312192366658598,1,424.14588391083646,206.09490178768485,0,19,19
1,20,8068,354.0,160.0,1.0,2.5608400541209715,0.90922735836603,1.0,0.350356088240403,0.08339586235724737,211.34270472416608,201.5589243868899,19.4164878389476,5.77021806904576,5.0,94.84686395348007,87.98194787264401,-71.169470809661,1102.593999999996,0.5276306323981427,1,323.539662865642,208.80317302925135,0,20,20
1,21,3003,168.0,270.0,1.0,1.0450293011061664,0.5865625386502075,1.0,0.6695652173913044,0.7096292754802931,69.39884576986118,70.83784299369935,25.45584412271571,9.392733227997654,8.246211251235321,58.28947338789809,56.20639845871444,26.391993873386184,230.60399999999964,0.9018018018018019,1,165.92773892773891,271.35797535797536,0,21,21
1,22,9980,463.0,307.0,1.0,1.0536483237513221,0.5439876784859757,1.0,0.7003508771929825,0.4610469730302823,125.1432315409614,137.55726080436466,45.0,15.775503280915899,14.0,108.41594551254585,105.0068351615712,-13.252005332482064,521.5519999999987,0.901820810554376,1,460.05781563126254,307.84078156312626,0,22,22
1,23,3485,0.0,250.0,1.0,1.8753614320000647,0.7890570418309413,1.0,0.44559519243063545,0.22962039603537537,109.7587891786247,114.85643212288984,31.76476034853718,9.44786952663094,7.0,68.7427450302848,67.42701243030021,-57.02271948877804,436.71799999999894,0.6680084339658807,1,24.906169296987088,251.88378766140602,0,23,23
1,24,10405,659.0,227.0,1.0,1.1289375785986866,0.3415252767459312,1.0,0.5752432551968155,0.16749258470905998,125.80854957785986,149.04026301640775,32.69556544854363,10.677311186180702,8.48528137423857,124.74300142528993,118.24400732988354,-79.96117966000888,883.5439999999968,0.7656083293477061,1,656.1150408457472,247.49879865449304,0,24,24
1,25,5932,89.0,295.0,1.0,1.0928354487593652,0.7040351141846177,1.0,0.6518681318681319,0.620710690958639,104.60135900635782,104.89041900955492,34.785054261852174,12.06997315561343,10.793491720330488,76.46552860093352,74.2842411139965,37.72964040928988,346.54599999999897,0.9082140396539842,1,92.94723533378287,298.38654753877273,0,25,25
1,26,16344,950.0,195.0,1.0,2.0599218154754757,0.9590898093424038,1.0,0.38529904052429337,0.29007723869196395,281.13860090987606,290.9931270666027,40.311288741492746,14.920188140689877,13.92838827718412,87.71672897299628,79.59089781716811,55.1731569444685,841.4479999999965,0.8463131731565864,1,948.0649779735683,192.9144028389623,0,26,26
1,27,7084,553.0,290.0,1.0,1.3001186853030224,0.6892454558484524,1.0,0.5089080459770114,0.33424464427769934,123.81243432538426,139.84634424968,29.614185789921695,10.175377597902203,9.0,91.07359661284933,89.70556506185338,60.8851394719058,516.0739999999983,0.7584988489747845,1,563.7068040654997,281.7584697910785,0,27,27
1,28,15978,807.0,303.0,1.0,1.1728274589624315,0.7581970916856028,1.0,0.49943735933983496,0.37598117970092276,182.63955350587017,204.41379601191306,54.48853090330111,18.308027304477957,15.524174696260024,124.73371637211808,119.08563464115461,35.121878452390014,730.7739999999976,0.800140217336872,1,795.5423707597947,296.6204781574665,0,28,28
1,29,5489,289.0,340.0,1.0,1.4633511984063703,0.828062522796085,1.0,0.48446601941747575,0.3378696046028298,124.55123771742723,130.87398519186308,24.73863375370596,8.501841392072997,7.615773105863909,82.83008952516766,69.82787814431593,54.60113022417017,451.8319999999983,0.7830242510699001,1,303.89305884496264,353.64966296228823,0,29,29
1,30,4578,360.0,352.0,1.0,2.1110862549979967,0.9472318423137648,1.0,0.4758835758835759,0.2688837312514329,149.13045414308397,148.49242404917499,20.248456731316587,6.999454672490021,6.324555320336759,54.77412635572371,47.80365877078715,86.45715094958399,462.55199999999866,0.6978658536585365,1,361.7608125819135,352.11096548711225,0,30,30
1,31,11645,206.0,380.0,1.0,1.54414372911998,0.7803601387062153,1.0,0.4574919462559912,0.17561821053057433,181.0895320196064,184.76471524617463,38.01315561749642,10.133740946283861,8.246211251235321,122.93662852928065,113.24078149432106,30.787202648179345,912.8299999999965,0.6819512766455846,1,231.38265349935594,408.122885358523,0,31,31
1,32,17408,748.0,395.0,1.0,1.4686667832451117,0.895608873020712,1.0,0.48287148761476795,0.2833756333630013,232.66199785492682,239.0188277102873,45.044422518220834,16.114552659179136,14.142135623730951,114.27159557393178,103.49791778251314,34.9169710805206,878.6139999999968,0.7892279095071858,1,740.7143267463235,398.1702090992647,0,32,32
1,33,15801,927.0,337.0,1.0,1.659213210673369,0.9278343326173765,1.0,0.47250381268502734,0.255546249301145,241.59993806963638,259.6093218665308,45.0,13.885036437233103,11.0,96.51518234073266,90.11497985020964,59.557860443524945,881.4799999999966,0.848717604404458,1,941.0190494272514,358.48319726599584,0,33,33
1,34,10657,67.0,406.0,1.0,1.2331410505464966,0.6841507009645921,1.0,0.563147326146692,0.2576783380639419,147.5373722199841,173.61163555476344,42.0,13.440874377752912,11.0,106.17373280836244,107.60500645656425,-86.9068335980359,720.9139999999975,0.7273906218005597,1,64.7232804729286,427.54255418973446,0,34,34
1,35,5823,450.0,431.0,1.0,1.5366878391034249,0.8982921238536709,1.0,0.5643535568908703,0.48254519248778155,137.96753390948973,133.37541002748594,25.495097567963924,10.031573233778651,9.219544457292887,68.43850596927989,60.62276173959885,10.781306805651937,389.41199999999856,0.7969616095257648,1,430.4892667010132,432.18942126051866,0,35,35
1,36,3605,704.0,466.0,1.0,1.3833506631038455,0.8859721530799454,1.0,0.5078895463510849,0.4578923292695439,102.0918655123913,106.0,21.0,8.153596605578956,7.211102550927978,49.79060688528548,47.343922805305844,54.65532340243642,314.53999999999917,0.8522458628841607,1,695.519278779473,451.4760055478502,0,36,36
1,37,12255,884.0,471.0,1.0,1.187991500826193,0.7000951050384308,1.0,0.5437000887311446,0.2644435357246522,156.4143184825985,168.92897915988246,46.400431032480725,13.700966202373287,11.0,120.23130503616822,111.68758293130062,68.52863696822219,763.1239999999972,0.7870147384645024,1,891.0431660546716,485.20611995104036,0,37,37
1,38,14202,562.0,448.0,1.0,1.4187576154626906,0.7111678562325787,1.0,0.40623569794050346,0.1741631790505997,184.95067285477353,204.79257799051214,38.948684188300895,12.13269933067859,10.0,138.72311544937378,130.02443767827276,63.90484434751474,1012.2819999999961,0.6315649041668521,1,570.5759752147585,444.19314181101254,0,38,38
1,39,10981,661.0,519.0,1.0,1.468105544604632,0.8169145642111831,1.0,0.5111245578104636,0.20459083910838138,175.18750502051148,174.59095051004218,30.675723300355934,10.23389102618833,8.94427190999916,119.37097995832772,101.04091715889007,-74.38056017396566,821.2639999999972,0.719688032507537,1,648.6321828613059,544.4575175302796,0,39,39
1,40,5327,363.0,507.0,1.0,1.5438307507028213,0.8405023686884154,1.0,0.43022128896785655,0.1314044442617421,127.03366917041872,151.75308893067054,18.867962264113206,5.839692557751362,5.0,76.36891969460596,68.82784173908509,-86.19878025995727,713.7419999999973,0.6616569370264563,1,351.9682748263563,507.90332269570115,0,40,40
1,41,8695,143.0,494.0,1.0,2.0331243970606345,0.9421022386328383,1.0,0.481264183317651,0.2425255162617152,200.774010015475,203.93136100168604,29.120439557122072,9.719906232255829,8.94427190999916,69.9799283508582,67.32469948553704,-79.7225875391676,671.2139999999981,0.7407880724174655,1,135.3735480161012,494.90776308223116,0,41,41
1,42,9932,229.0,513.0,1.0,1.1087221428161511,0.7299108310660916,1.0,0.766358024691358,0.6610754374395184,138.00877742930354,141.7391971192161,43.41658669218482,15.703337600546904,14.0,93.4319481824952,94.33484752230771,-5.467488055553389,434.5079999999989,0.9167012783238728,1,242.6413612565445,510.1864679822795,0,42,42
1,43,8733,454.0,529.0,1.0,1.0754937989268247,0.3955943978728373,1.0,0.6224518888096935,0.3399824310631589,113.71668761889529,124.88794977899188,34.058772731852805,11.607083680338576,10.04987562112089,102.49858079636978,104.4402854605427,5.208305595887774,568.1439999999983,0.8652531457445755,1,452.45402496278484,517.759647314783,0,43,43
1,44,4548,541.0,546.0,1.0,1.8951713956065133,0.8422815530535485,1.0,0.374320987654321,0.2085277055763637,130.19853007257834,139.84276885130672,20.396078054371138,6.36132466432885,5.385164807134504,86.63416022423414,70.18193350773684,68.52749927116157,523.5199999999984,0.6287847366238075,1,551.1954705364996,563.1064204045734,0,44,44
1,45,6340,32.0,563.0,1.0,1.2521098792030108,0.8395425463778406,1.0,0.6267918932278794,0.5256961262377807,124.73260983340597,128.5496013218244,33.24154027718932,12.622471344748899,11.40175425099138,70.74813379873585,67.76647191308325,-70.24595832340073,389.2979999999992,0.8642900961079681,1,36.10173501577287,548.0506309148265,0,45,45
1,46,2484,798.0,592.0,1.0,1.160055761461704,0.7684198081403848,1.0,0.6163771712158809,0.5306598093292758,72.08207854374211,74.06078584514209,20.09975124224178,7.358635784100484,6.708203932499369,48.65390269229192,46.1286443429202,40.25544316818945,242.53399999999954,0.87975916415796,1,806.4822866344606,598.2000805152979,0,46,46
1,47,7616,987.0,571.0,1.0,1.2024246087738928,0.7290262988018184,1.0,0.6094750320102432,0.25346527451423784,125.80898371421036,146.03081866510234,34.0,12.641027730665119,11.180339887498949,87.0,86.11444864356463,-71.11708607217216,614.4819999999985,0.7424811113819155,1,984.8293067226891,578.9392069327731,0,47,47
1,48,7828,283.0,596.0,1.0,1.11075227990586,0.7187798677790755,1.0,0.6387596899224807,0.4839155319041317,121.977878516939,131.93938001976514,34.20526275297414,12.629887554327732,11.045361017187261,91.2210144363735,84.8036234106803,14.049703020384566,450.86399999999855,0.8806885301231929,1,299.48594787940726,596.4547777210015,0,48,48
1,49,6553,895.0,605.0,1.0,1.1398075466563344,0.5730301909639586,1.0,0.5649137931034482,0.40991218106313404,106.50494120793394,115.84903970253703,34.438350715445125,11.802023379150283,10.0,88.0,87.28444797970629,71.62954438277778,448.20799999999844,0.8487242585157363,1,890.9682588127575,607.9140851518389,0,49,49
1,50,4083,178.0,634.0,1.0,1.2846877003791626,0.6304588843460835,1.0,0.5297093928386092,0.27951242197638443,91.17407014719738,108.75660899458019,27.586228448267445,8.349880979753454,6.4031242374328485,76.55731576112692,70.77137791668683,-77.5231694744981,428.4439999999985,0.7350796651363759,1,176.31031104579966,640.6358070046534,0,50,50
1,51,8986,111.0,668.0,1.0,1.3776320623216132,0.8907119117171307,1.0,0.6522938443670151,0.5774772415653802,161.34431565530167,163.37074401495514,34.0,13.655434906215838,12.529964086141668,82.2455833492112,73.34200257903056,0.07356378433495656,442.2019999999988,0.9136292003456865,1,85.57778766970844,665.9568217226797,0,51,51
1,52,16575,491.0,654.0,1.0,1.510980660175481,0.8738012317260372,1.0,0.43863131152746904,0.3019477765623475,226.65536243252043,239.15267090291925,48.82622246293481,15.814893184643552,13.601470508735444,119.78246879824057,110.21870818542844,41.29916143134287,830.5499999999965,0.8486943164362518,1,470.284766214178,647.9612066365007,0,52,52
1,53,12515,758.0,654.0,1.0,1.2459839456999415,0.6507216721927633,1.0,0.4321477900552486,0.3091015200400981,158.41266956987565,180.13605968822566,36.345563690772494,12.76477745568422,11.0,125.67418020672015,120.28532858714267,4.652473842188551,713.2959999999972,0.7396790685303941,1,745.1820215741111,650.3867359168997,0,53,53
1,54,5881,385.0,673.0,1.0,1.308166066361314,0.85251431657163,1.0,0.5138488422892092,0.5163752292814651,123.84741751909456,130.09611831257686,29.5296461204668,11.019254362395012,9.848857801796104,62.754399340944886,64.73552493939869,46.96931810871669,378.3099999999987,0.9189780451597782,1,387.71144363203535,670.5504165958171,0,54,54
1,55,3793,936.0,671.0,1.0,1.103523854464788,0.6037677537240502,1.0,0.5334739803094234,0.4968894941183784,80.63197848894042,90.09439494219383,27.586228448267445,9.458725673654918,8.246211251235321,62.696954536150386,64.27660991971382,-58.19823024019895,309.71799999999905,0.8566911349520047,1,935.5151595043501,667.6013709464804,0,55,55
1,56,4793,977.0,726.0,1.0,1.2341942254724578,0.5094117838641435,1.0,0.4977154724818276,0.2949444977406402,92.90015903571546,111.31936040060597,23.430749027719962,8.35104681610473,7.615773105863909,85.79434008026938,79.94271280838483,65.0878692745841,451.8959999999987,0.7552789158525055,1,979.1696223659503,717.8197371166284,0,56,56
1,57,9377,455.0,792.0,1.0,1.2052498026309553,0.7983054765220003,1.0,0.5824223602484472,0.5097482006024432,145.07296955269928,146.44111444536333,35.4682957019364,13.620897613362663,12.206555615733702,88.91840011603128,87.37059381261274,65.91977608301687,480.79399999999845,0.8789838770153731,1,446.7066225871814,787.7887384024741,0,57,57
1,58,8075,837.0,703.0,1.0,1.3579040051180709,0.8549110895593535,1.0,0.5294734771490394,0.33721531387914766,148.07092067329287,150.08331019803634,30.083217912982647,10.511198076982462,9.486832980505138,88.38429069014902,76.815424558314,-73.31432667947246,548.5579999999982,0.7686449954785588,1,836.5315170278637,714.2033436532507,0,58,58
1,59,7023,540.0,775.0,1.0,1.0871372424596792,0.6132788445924543,1.0,0.5722783572359843,0.47739341478790787,109.25083000473488,119.6202324023825,39.20459156782532,13.241363648384384,11.40175425099138,84.74194738769474,86.29356870911533,51.83936255019354,429.9599999999989,0.8582951420714939,1,542.6262281076463,776.3252171436708,0,59,59
1,60,11156,609.0,703.0,1.0,1.2161321290555025,0.7965767798852507,1.0,0.5790511782414617,0.5014877405548349,158.77886072619816,175.5135322418189,44.721359549995796,14.962469232907141,13.038404810405298,108.83551237587837,95.98775514043196,74.98597790410162,528.7239999999985,0.8604373144113222,1,609.4213875941198,702.478576550735,0,60,60
1,61,7224,295.0,744.0,1.0,2.2404200633598257,0.9489608954015217,0.0,0.3316347610521967,0.24973850534774977,193.24119667773587,180.3690660839602,30.528675044947494,9.350568734848935,7.615773105863909,73.87637211019761,60.947066121850234,51.22562285066882,602.9079999999979,0.7101150103214391,1,274.40434662236987,720.312430786268,0,61,61
1,62,5803,724.0,767.0,1.0,1.2407542044950797,0.775964686590977,1.0,0.554144385026738,0.3247105121235429,114.35060668000023,120.61923561356207,27.730849247724095,9.30869810001037,8.0,80.73185376287495,72.12965843282457,-10.80117402423543,473.8959999999985,0.7864742156264825,1,719.7489229708772,764.7118731690505,0,62,62
1,63,8998,214.0,757.0,1.0,1.178900531059804,0.7862830681894866,1.0,0.6734021853016016,0.5551443698405403,139.58045847200367,135.6502856613284,34.828149534535996,13.510417335476989,12.529964086141668,92.78402459304972,86.2420808567398,72.26518011419981,451.3099999999987,0.9002050922915309,1,213.55979106468104,774.9312069348745,0,63,63
1,64,3241,896.0,755.0,1.0,1.1891486114132759,0.7031972647180948,1.0,0.6086384976525822,0.4039168903302807,80.64547459648529,86.31338250816034,21.93171219946131,7.92933396748334,7.0710678118654755,65.42600128263699,57.3385131534291,-49.94903917885107,317.5399999999992,0.7903914156810146,1,895.3258253625424,760.9065103363159,0,64,64
1,65,7959,45.0,734.0,1.0,1.4038791628175262,0.8569809597912239,1.0,0.5858667648141332,0.365029460558285,149.6793216242093,146.48549416239138,29.966648127543394,11.140349219682221,10.0,88.94806698680785,77.13694970710938,79.53971183742134,523.4439999999986,0.7982148229866614,1,46.2618419399422,761.1137077522302,0,65,65
1,66,11380,360.0,867.0,1.0,1.2372469391691359,0.7072915952541659,1.0,0.5808493262556146,0.3295440742622653,154.34012691736274,158.90248582070703,37.73592452822641,13.361433530194732,11.313708498984761,122.0241933511974,109.1064186685789,79.88062109782543,658.7479999999973,0.7930866262457315,1,353.2451669595782,844.5964850615114,0,66,66
1,67,4772,800.0,817.0,1.0,2.0208115711740207,0.8524164365471587,1.0,0.34242250287026404,0.18396638976415242,138.63473449417475,137.32079230764728,23.600847442411894,6.550592243160192,5.385164807134504,80.74362725490029,72.48703972471495,-20.00297814751425,570.9339999999984,0.5703358431934982,1,800.325230511316,827.4652137468566,0,67,67
1,68,12690,142.0,819.0,1.0,1.6248055901883927,0.8690809852101725,1.0,0.5049339487505968,0.10193830490286909,204.98599484259682,206.11889772653063,28.0178514522438,7.807518686639612,6.082762530298219,115.44695751729449,101.40038731106735,87.57952197025294,1250.7399999999955,0.7021523820063076,1,132.5900709219858,837.3301024428685,0,68,68
1,69,3784,919.0,826.0,1.0,2.449147694978761,0.914309884395325,1.0,0.2573099415204678,0.21899860570582935,142.14546059050622,154.76756766196203,23.40939982143925,6.933769525535211,5.385164807134504,66.46803743153546,57.571093745969335,55.49236779627879,465.97199999999816,0.5627184177262249,1,932.4344608879493,843.2037526427061,0,69,69
1,70,6315,722.0,854.0,1.0,1.5816910073750492,0.7874928872675057,1.0,0.46094890510948905,0.230408979200603,135.54092381288837,143.17122615944868,21.95449840010015,7.866161716661171,7.0,98.33574512470412,83.53708908911878,-87.3143108030817,586.869999999998,0.6325120192307693,1,706.5765637371338,867.713539192399,0,70,70
1,71,5312,544.0,874.0,1.0,1.2698726053767089,0.7843280167616028,1.0,0.5372168284789643,0.35587015126047733,111.20599891336956,115.80155439371269,28.792360097775937,9.912965113082565,8.06225774829855,75.90606479153243,68.98623267052622,62.512735103361855,433.0999999999988,0.7732168850072779,1,541.855609939759,878.5905496987951,0,71,71
1,72,5660,634.0,858.0,1.0,1.237937422873895,0.7814851687909241,1.0,0.5669070512820513,0.4675523769287054,113.15451354285189,115.41230437002807,31.0,10.496386688579333,9.219544457292887,75.13624814713125,70.59979614007855,38.5876579745018,390.0299999999988,0.8680315926692739,1,634.9390459363958,866.5448763250884,0,72,72
1,73,4766,1023.0,886.0,1.0,1.4358441024092496,0.8730551358907557,1.0,0.5073451139024909,0.2849250867366711,118.47086150615407,132.09844813622905,26.0,9.738482089705327,8.94427190999916,65.26132683670939,57.768939489421996,55.84458109776313,458.47599999999886,0.826354573038578,1,989.4880402853546,866.8396978598405,0,73,73
1,74,3226,44.0,885.0,1.0,1.3240205380252177,0.623784013246494,1.0,0.5240415854450943,0.2806029283193648,82.0701877878165,91.4166286842826,18.384776310850235,6.435992229185979,5.656854249492381,64.33129894656524,64.14579337028343,52.35245053421744,380.0939999999991,0.7155373183985805,1,38.783323000619966,898.1738995660261,0,74,74
1,75,2361,485.0,883.0,1.0,1.1228143295261157,0.7068668685738341,1.0,0.598630831643002,0.5542705340133003,67.01797642603225,67.47592163134935,19.697715603592208,7.381436065006446,6.4031242374328485,49.877735655595316,47.404938596698166,-28.724284979629903,231.36199999999965,0.84760366182014,1,479.84413384159257,889.7361287590004,0,75,75
1,76,9294,814.0,918.0,1.0,1.3146074799472078,0.8632822473753221,1.0,0.5984160710836391,0.4575853315025627,157.18810974473502,167.35590817177624,37.8021163428716,13.614718199269877,12.083045973594572,90.73758848181834,79.33621367481533,76.03631457481907,505.2079999999984,0.8490772885072172,1,815.737787820099,913.7982569399612,0,76,76
1,77,11420,270.0,907.0,1.0,1.1134617363739,0.6702230055410049,1.0,0.6195746527777778,0.33972023617973585,144.24376468726336,152.55163060419906,47.16990566028302,15.021163789345719,12.649110640673518,115.78273547386453,107.05191909179194,74.9482730221629,649.9459999999976,0.8284667561391418,1,264.6391418563923,904.5601576182137,0,77,77
1,78,3363,549.0,967.0,1.0,1.2432395718904603,0.7482917812657746,1.0,0.5417203608247423,0.27305791695697407,85.87937191545986,96.87620966986684,23.345235059857504,7.740486445797317,6.324555320336759,62.086199575426576,56.969776498681846,78.35852958371204,393.4059999999989,0.6972115683632217,1,549.2747546833185,964.3253047873922,0,78,78
1,79,10745,908.0,921.0,1.0,1.6118487704892566,0.9191757906662321,1.0,0.5631551362683438,0.389711573805483,195.02526558216314,207.52349264601347,36.68787265568828,12.787064067894207,11.661903789690601,83.18495231311542,76.81021640522455,74.40330079637343,588.6219999999984,0.829665662883175,1,905.2245695672406,938.8241042345277,0,79,79
1,80,8172,87.0,985.0,1.0,1.1031856710564076,0.7133446700838216,1.0,0.8040141676505312,0.6118731800809559,123.87748345655982,125.92458060283545,42.190046219457976,15.840220485237474,14.866068747318506,82.88268711262232,86.81499683322626,1.2525134456281244,409.67399999999924,0.9250099043522554,1,81.76554087126775,980.6522271169848,0,80,80
1,81,10790,475.0,981.0,1.0,1.2941516037109861,0.8121340228405558,1.0,0.5641830065359477,0.258763461980928,162.578354178785,171.51093259614677,42.95346318982906,13.843431838244818,11.313708498984761,103.75165358636478,94.85974389923318,57.57638193480081,723.8759999999978,0.8053741369658518,1,461.07562557924,961.4259499536608,0,81,81
1,82,6076,186.0,969.0,1.0,1.0338566510043243,0.4872431691579625,1.0,0.6780493248521371,0.6230712176890878,95.12770939654777,102.48902380255166,38.48376280978771,13.111962360281773,11.40175425099138,84.71959487684984,83.07182626501194,-79.2942864530274,350.0619999999991,0.9065274151436031,1,186.1183344305464,966.6349572086899,0,82,82
1,83,3808,376.0,972.0,1.0,1.0701215498364367,0.6430258841924257,1.0,0.7212121212121212,0.6841852056822675,80.7782382865249,84.86459803710851,28.0178514522438,10.172167871033354,9.0,57.54106248353403,61.86356498008436,79.3608949225352,264.4639999999996,0.9304825901038485,1,377.91386554621846,973.0401785714286,0,83,83
1,84,9260,622.0,981.0,1.0,1.3251554559511607,0.824921334078467,1.0,0.6288624787775892,0.35014614376339204,153.61551833316534,165.64117845511726,38.897300677553446,12.571773752626454,11.0,89.89675015301384,86.83079535278813,80.55844514142741,576.4819999999986,0.8014887263599775,1,616.8782937365011,961.3165226781857,0,84,84
2,1,2563,786.0,0.0,1.0,1.36836720740411,0.8351599786250651,1.0,0.571078431372549,0.36602500709323366,82.71083477479334,87.05170877128145,33.24154027718932,10.785249419109306,9.0,50.0,45.49154637701608,-1.9511051266872685,296.6359999999993,0.8301214574898785,1,784.6706984003122,16.76863051111978,0,1,1
2,2,8600,891.0,18.0,1.0,1.5816217481813895,0.9177501601031836,1.0,0.6641952425084955,0.3596139999052771,172.65034576975074,168.67127793433,40.80441152620633,14.393388059714212,13.038404810405298,74.45813765336189,68.56950225140372,-8.079707507614225,548.1959999999987,0.8583690987124464,1,905.3547674418604,31.142441860465116,0,2,2
2,3,5631,69.0,20.0,1.0,1.9714433596310768,0.9506915309524356,1.0,0.613666085440279,0.3146371624479883,160.29999985918522,151.10923201446033,22.20360331117452,8.663798458798993,8.06225774829855,55.09723838955288,49.715130125310104,-82.77201514198106,474.23399999999884,0.8128473475279683,1,62.408630793819924,65.3320902148819,0,3,3
2,4,6867,139.0,98.0,1.0,1.6991860361576778,0.8836129191130724,1.0,0.5269741385925869,0.23559115428231034,155.83441474837645,158.15182578775372,24.758836806279895,8.80383677142265,7.280109889280518,81.82382355717772,72.9644969178161,-85.0604008480132,605.213999999998,0.7069542389457971,1,142.62822193097423,91.82554244939566,0,4,4
2,5,2914,265.0,51.0,1.0,1.5679577242593092,0.9263590212174523,1.0,0.5166666666666667,0.4582766001772669,100.80506163040317,101.23734488813898,18.681541692269406,7.502721484075246,6.708203932499369,37.31487638998688,37.96738892866127,-21.623954720825957,282.6739999999994,0.9093462318614446,1,276.62594371997255,45.500686341798215,0,5,5
2,6,8284,217.0,107.0,1.0,1.3158699206022317,0.675328977837826,1.0,0.48615023474178404,0.34521285451127054,133.8574600675848,142.41137595009747,30.675723300355934,11.153325223050382,10.0,109.90152962630523,98.72210213847521,-88.39404200918715,549.1379999999983,0.7641361498016788,1,216.0519072911637,104.24492998551425,0,6,6
2,7,2957,550.0,56.0,1.0,1.2013454546747233,0.7252970726589518,1.0,0.548100092678406,0.5071869921279465,78.25397826996473,92.66067126888301,24.041630560342615,8.279048471620914,7.0710678118654755,56.21662214453343,53.87285750614284,-74.4643219192278,270.67399999999947,0.8265548567435359,1,546.748393642205,51.697666553939804,0,7,7
2,8,4000,0.0,35.0,1.0,2.6760406837534263,0.9745765132802634,1.0,0.6285355122564424,0.26574131831369274,160.81341297408946,150.44268011438774,27.459060435491963,10.352135582851846,9.219544457292887,42.0,36.031040895680526,-87.56611700988498,434.91599999999914,0.819252432155658,1,14.13225,66.457,0,8,8
2,9,5899,399.0,47.0,1.0,1.2194454449171286,0.7958513484494274,1.0,0.5251958689458689,0.4249667679667281,115.59760758361223,121.1156472137271,29.154759474226502,10.906009727953565,9.219544457292887,75.17765318640804,69.99343320782529,-34.89561234029056,417.65399999999875,0.8368562916725778,1,386.7324970333955,59.674182064756735,0,9,9
2,10,3786,605.0,71.0,1.0,1.416955584028195,0.8828283310923246,1.0,0.5580778301886793,0.446083976564536,105.64103648666855,109.9317970379817,23.259406699226016,8.243510671301935,7.280109889280518,55.701098637105275,49.61915039007352,-71.1269701138285,326.5779999999992,0.8663615560640733,1,606.0718436344426,69.5459587955626,0,10,10
2,11,8522,712.0,77.0,1.0,1.4467900850481121,0.8095182298298613,1.0,0.4639590592334495,0.30042884422091776,152.53388542705073,164.97575579460153,30.805843601498726,10.096887676823764,9.219544457292887,97.44947520084312,89.55184204468064,-7.616620615015735,597.0419999999981,0.7715708465368946,1,738.9842759915513,69.5498709223187,0,11,11
2,12,4798,872.0,104.0,1.0,1.4645983379046332,0.9056497377578538,1.0,0.5572590011614402,0.3925922702436159,122.96275090241814,122.2620137246234,24.698178070456937,9.298406279807944,8.48528137423857,58.48597547173831,52.139476465606336,16.339046516154404,391.88999999999885,0.8108838938651344,1,885.1819508128386,108.87390579408087,0,12,12
2,13,3551,964.0,107.0,1.0,1.2195269131409863,0.7893526537971406,1.0,0.5442145593869732,0.4345827776879858,89.38005944988073,103.27632836231156,25.0,8.536380151954699,7.615773105863909,54.77634841528191,54.87399838235664,-33.48362474533366,320.4379999999992,0.8223714682723483,1,968.5733596170093,104.75105604055196,0,13,13
2,14,6296,788.0,116.0,1.0,1.2702096884294725,0.6108672367691123,1.0,0.4680344930121915,0.17268569078005086,111.70880492128407,126.763559432512,24.351591323771842,7.308955835615897,6.324555320336759,93.52294185288972,88.443552590896,-38.736672438172086,676.8759999999976,0.7313276803345337,1,767.2131512071156,134.67058449809403,0,14,14
2,15,3911,474.0,126.0,1.0,1.3999503063570677,0.695522094559993,1.0,0.4799950908198331,0.21638082083972338,95.76052039915663,105.67875850898325,23.345235059857504,7.143354158479942,5.385164807134504,79.05694150420949,68.80438478468942,-10.699002229736708,476.5839999999986,0.7266140269391548,1,485.31398619278957,122.95653285604705,0,15,15
2,16,3500,641.0,125.0,1.0,1.3879276934888662,0.8485606096750463,1.0,0.45248868778280543,0.2833829068390597,98.17639459644674,113.27841806805037,22.02271554554524,7.4500812517401975,6.324555320336759,56.18935870634438,51.944952407701344,-49.79198161140019,393.95999999999884,0.7619462283661694,1,642.8031428571428,118.72028571428571,0,16,16
2,17,2628,1023.0,129.0,1.0,2.0347251458435047,0.8725069203228133,1.0,0.3770444763271162,0.29326740229786274,104.69686685256667,113.21660655575224,24.596747752497688,7.496840150920295,6.082762530298219,53.93258654942459,51.15507277999613,-33.41257583204085,335.5719999999994,0.6795087265675501,1,995.1780821917808,138.74048706240487,0,17,17
2,18,9150,307.0,131.0,1.0,1.9698864101511826,0.9341547991805897,1.0,0.5733801228224088,0.1827092055173056,201.38653131238624,202.38824076511955,24.698178070456937,8.729432833384097,7.615773105863909,78.0,71.86842043476734,-1.476599028834808,793.2959999999973,0.7583920430998755,1,327.3542076502732,142.58371584699452,0,18,18
2,19,2510,846.0,153.0,1.0,1.458634231712429,0.8901678439643745,1.0,0.6268731268731269,0.46041559602617393,87.76033080351593,90.6697303403953,19.235384061671343,7.159526384919693,6.324555320336759,42.43569424764899,39.98648151009403,-3.6846382875122794,261.7379999999996,0.874412123323463,1,860.5231075697211,152.799203187251,0,19,19
2,20,6784,559.0,152.0,1.0,1.765352636537584,0.911998217704941,1.0,0.5268307835676012,0.21347352014670232,161.28013753860733,163.35544068074378,20.591260281974,7.107836090873011,6.4031242374328485,73.0235415723065,66.15617093647785,-10.733419060192395,631.939999999998,0.779501321383431,1,546.6838148584906,164.0415683962264,0,20,20
2,21,4659,690.0,166.0,1.0,1.392577783866207,0.8236208287483705,1.0,0.42817755720981526,0.423078898080759,111.63990002573796,116.3486140871476,25.238858928247925,9.089080978000144,7.810249675906654,71.02133551416242,63.31554648677216,-28.966349333805354,371.9979999999989,0.7687484530979292,1,678.7570294054518,175.49238033912857,0,21,21
2,22,7415,925.0,180.0,1.0,2.223283269598218,0.8951885679542667,1.0,0.3215803625639691,0.12268352235987476,186.7920948533334,183.09560344257315,21.93171219946131,6.938663076807911,5.830951894845301,109.76884395701748,83.25091857030344,-7.792345991768912,871.4999999999975,0.49570478323361294,1,927.3300067430883,191.14888739042482,0,22,22
2,23,5005,289.0,212.0,1.0,1.4467565186915972,0.8419495664824483,1.0,0.4577046181984454,0.4423727964096032,119.31959078370198,134.13426109685773,25.80697580112788,9.191497569589389,8.06225774829855,77.2697572444445,64.37962880813961,3.0006944135393097,377.06199999999876,0.7859610552763819,1,292.7624375624376,209.0933066933067,0,23,23
2,24,5170,72.0,172.0,1.0,1.5750725347269519,0.9060548864701213,1.0,0.5058708414872799,0.3139171708823907,132.39939146566022,148.2767682410161,25.553864678361276,9.301518365498954,7.810249675906654,64.31663470982068,56.02615107009547,-71.22238044779719,454.9279999999986,0.7265317594154019,1,68.83268858800774,179.40502901353966,0,24,24
2,25,3526,153.0,231.0,1.0,1.0976246175803364,0.6427631181682928,1.0,0.6142857142857143,0.39209361171096807,78.71654882545455,81.88406438373708,26.1725046566048,8.678704200444747,7.211102550927978,66.27165651910413,60.301992446662005,-73.04720479475003,336.16399999999913,0.8459692898272553,1,154.28218944980148,226.19597277368123,0,25,25
2,26,3885,227.0,243.0,1.0,1.1939174245782849,0.8045579428320764,1.0,0.5804571940833707,0.5432375499054656,93.3229066080455,100.65783625729296,27.202941017470888,9.605348326091619,8.48528137423857,57.2205094567052,55.4220626692633,-23.69861686923946,299.78199999999936,0.8827539195637355,1,223.57812097812098,244.3045045045045,0,26,26
2,27,4912,935.0,237.0,1.0,1.4878547907974486,0.8852496743564293,1.0,0.4787524366471735,0.370752451605393,123.50050386813994,137.7679207943562,25.238858928247925,8.766696702444898,7.810249675906654,67.7687082405581,57.44207636781114,-45.35773113965226,408.0299999999987,0.7965620692451149,1,935.0586319218241,246.7933631921824,0,27,27
2,28,6199,841.0,233.0,1.0,2.0795969488788204,0.9572698216760653,1.0,0.6359905611983174,0.3148060763950721,173.72989346549096,172.29045243425418,23.706539182259394,8.73213585512033,8.06225774829855,54.56708565507191,50.24203895779922,-7.598679387643574,497.44399999999865,0.8029792746113988,1,814.3021455073399,237.1234070011292,0,28,28
2,29,5405,601.0,245.0,1.0,1.1510442743867917,0.7437374666848374,1.0,0.5765948367825902,0.4199390099904015,104.48884983758917,108.26818553942798,31.11269837220809,10.628370624891007,9.219544457292887,72.82725646911373,69.8478521298283,-70.58240031040685,402.1699999999988,0.8537355867951352,1,602.1387604070305,237.87641073080482,0,29,29
2,30,3460,676.0,264.0,1.0,1.1338997926047956,0.5661735208315936,1.0,0.5414710485133021,0.33646985560384374,77.0383993919104,93.00537618869137,20.248456731316587,7.186812306255363,6.082762530298219,63.094199802996854,63.50168036701117,-15.48082888293145,359.4759999999989,0.8015753503996293,1,674.3910404624278,261.92976878612717,0,30,30
2,31,10527,456.0,295.0,1.0,1.4661858433332076,0.8539789493131518,1.0,0.47365579302587174,0.14453466430087827,175.54405789686447,205.00975586542216,32.89376840679705,9.924173112348472,7.615773105863909,99.38245378584773,91.33689995382439,-30.43889557123074,956.6899999999963,0.7196226544074921,1,483.44295620784646,277.26408283461575,0,31,31
2,32,6192,92.0,271.0,1.0,1.400245046110974,0.8931972768778486,1.0,0.4849624060150376,0.3515238422554922,135.29451785118243,136.56134152826706,27.730849247724095,10.754256726028538,9.848857801796104,60.37383539249432,60.837211227927185,-24.857720268961444,470.48199999999855,0.8751324994700023,1,70.95381136950904,279.78536821705427,0,32,32
2,33,9021,332.0,272.0,1.0,1.4947910832747853,0.9000742863589002,1.0,0.4904849934754241,0.4577780124915192,169.5684875181922,169.61426826773743,37.8021163428716,12.756073825827674,10.770329614269007,79.04477796209515,73.88717568189186,-35.5641548114297,497.6279999999981,0.9099253580794836,1,353.05121383438643,260.76144551601817,0,33,33
2,34,7505,814.0,324.0,1.0,1.355481533033907,0.6264788556285437,1.0,0.5706356447688564,0.3360867746348912,126.73216736967618,137.6117727521886,30.870698080866262,9.917888484816075,8.48528137423857,92.61789895760192,98.77991971881865,7.301255423774957,529.729999999998,0.7684431474939847,1,801.6752831445702,306.15429713524316,0,34,34
2,35,9532,189.0,330.0,1.0,1.1651159877821182,0.769310911736307,1.0,0.6354666666666666,0.6019070791969332,141.47281182856727,149.4824404403407,40.311288741492746,15.060801712166295,13.601470508735444,92.18225448120215,90.38338236517421,-79.31716560001331,446.0999999999987,0.9100195713399207,1,182.6536928241712,338.5346202266051,0,35,35
2,36,7908,113.0,328.0,1.0,1.2827785590969574,0.6586106082473218,1.0,0.5732927359721618,0.271619565631303,128.2107067514888,134.6291201783626,27.892651361962706,10.044060450723917,8.06225774829855,109.88557381030296,96.4764966374291,-66.92114018764698,604.8639999999983,0.7536452873344135,1,95.09648457258473,357.48583712696006,0,36,36
2,37,2900,627.0,328.0,1.0,1.2606298758904408,0.8234171700998404,1.0,0.5947497949138638,0.4030012040912398,83.81979751087056,92.07062506576133,21.0,7.5397983777075055,6.708203932499369,51.025438074937675,47.56241123424998,-11.45935996737049,300.7119999999993,0.8345323741007196,1,630.8979310344828,322.60896551724136,0,37,37
2,38,2595,517.0,346.0,1.0,1.2197511296097827,0.7608665324054489,1.0,0.5106257378984652,0.5107708631611421,75.23404767893308,78.587530817554,22.02271554554524,7.7527838943432865,7.0,54.20042626120713,48.820005984544814,-31.469084052035644,252.67399999999947,0.8693467336683417,1,523.9448940269749,344.1105973025048,0,38,38
2,39,8001,944.0,330.0,1.0,1.2326407778735957,0.7744451194041612,1.0,0.6015789473684211,0.45289640493189454,133.70045338820617,139.64598096615597,34.132096331752024,12.544983602095492,11.180339887498949,85.04898222115652,84.58440143938253,-29.50062418868901,471.16999999999865,0.8488224061107574,1,939.6777902762154,322.47119110111237,0,39,39
2,40,4612,467.0,368.0,1.0,1.2719682663402905,0.8307625856725527,1.0,0.6129718234981393,0.41406009868473354,106.63940437925525,118.90332207301863,29.274562336608895,9.6630194224311,8.246211251235321,64.52633784635596,59.35836303572559,13.560116448630788,374.1259999999992,0.8522590778896794,1,464.17215958369474,369.04791847354727,0,40,40
2,41,4517,743.0,377.0,1.0,1.9496841787864714,0.9134433623173499,1.0,0.4180858941132914,0.283689159091842,138.4749367692808,147.08500943332058,25.495097567963924,8.316259131689373,6.4031242374328485,70.4433181095595,56.35457387999154,-6.578678245605243,447.3099999999985,0.6344101123595506,1,749.8545494797432,375.5891078149214,0,41,41
2,42,3315,0.0,374.0,1.0,1.21312791198846,0.7954217900357099,1.0,0.7244318181818182,0.5462569945784248,86.43834689201924,87.28115489611719,40.162171256046406,13.223911136266416,11.313708498984761,51.0,52.386500214716015,-85.52939225693484,276.15199999999953,0.9248151764541774,1,20.567722473604828,374.1891402714932,0,42,42
2,43,11363,845.0,422.0,1.0,1.1889967077641364,0.8027417755404632,1.0,0.6984878288664863,0.4341159432554187,159.02255476009165,165.36626016210198,43.04648650006177,14.510639817182213,12.529964086141668,95.25422259789498,94.82940979507903,7.2088779483437335,573.5199999999982,0.9006816740646797,1,837.7217284167914,420.84775147408254,0,43,43
2,44,4076,1023.0,391.0,1.0,1.5938400977536817,0.8977426872173796,1.0,0.4883776659477594,0.456169546314106,117.52584703513438,130.43005788544295,27.073972741361768,9.954053685962023,9.219544457292887,58.0088679978342,51.77251243432232,-22.89106772335907,335.08799999999934,0.848106533499792,1,982.725711481845,402.4251717369971,0,44,44
2,45,10494,592.0,396.0,1.0,1.1186504320228055,0.7363794335494293,1.0,0.6115384615384616,0.5036556030130245,142.95255391454683,145.96232390586277,42.5440947723653,15.892296558790342,14.0,99.4344535014448,96.71723666637477,23.59355862781327,511.6919999999985,0.8816264807191464,1,601.7035448827902,395.21860110539353,0,45,45
2,46,3627,447.0,431.0,1.0,1.1385883303924436,0.767239966762926,1.0,0.639344262295082,0.5940756917581017,86.21458160397684,94.14881836751856,25.495097567963924,9.677172927653091,8.54400374531753,53.20559243975002,55.294596411258,-12.166994461778641,276.9859999999993,0.9038126090206828,1,440.87537910118556,432.102288392611,0,46,46
2,47,2388,515.0,433.0,1.0,1.159173663759971,0.530330084961055,1.0,0.6018145161290323,0.6271850717184349,63.98258969415447,70.32780389006896,20.396078054371138,7.556409833004442,7.0,54.6275417425284,54.24387959725961,48.317001922116674,218.73799999999966,0.8732857926494789,1,513.1570351758794,434.82286432160805,0,47,47
2,48,7316,367.0,395.0,1.0,1.5980533414868379,0.9057759108624162,1.0,0.44436345966958213,0.4998553870862227,158.58704173177108,162.49615380063616,33.83784863137726,11.358495446057718,10.0,76.38802351799856,67.2023698388329,-58.92173882952542,428.8639999999983,0.8252213637132704,1,356.795243302351,409.0235101148168,0,48,48
2,49,3579,388.0,458.0,1.0,2.430316924634928,0.9584319549100819,1.0,0.2804858934169279,0.30759638325352834,142.87089458005235,139.17614738165446,19.697715603592208,6.811469740937888,5.830951894845301,48.4,40.764095246338705,-41.44550849404174,382.37999999999874,0.779568721411457,1,367.88404582285557,477.3020396758871,0,49,49
2,50,5845,685.0,472.0,1.0,1.1921902262524111,0.7317451552642352,1.0,0.6573324336482231,0.4372605151653531,109.90748325229083,120.33287165193059,32.0624390837628,10.823582043812705,9.433981132056603,77.0,74.91055952024354,14.427073671965449,409.85199999999907,0.8568496664956388,1,692.3883661248931,476.50538922155687,0,50,50
2,51,6660,580.0,486.0,1.0,1.2018579838452645,0.7223000015800647,1.0,0.6255283178360102,0.5331678087960595,117.23864109449525,118.25819210524064,32.0,11.365117234813216,10.04987562112089,89.05149577206923,81.07988341512278,2.7053518841414816,396.1959999999992,0.8284097269730707,1,584.0411411411411,479.42072072072074,0,51,51
2,52,6837,228.0,453.0,1.0,1.4066296672339533,0.8586864019099781,1.0,0.5048737261852015,0.44301687539053114,139.03317040351473,144.04513181638595,30.01666203960727,11.091777741879797,10.0,76.06868035230184,71.25469151757865,-49.26000452765768,440.3799999999986,0.8559088632949422,1,227.41860465116278,442.5021208132222,0,52,52
2,53,9459,977.0,500.0,1.0,1.2232388325303507,0.7035332091096212,1.0,0.6455773955773956,0.28349716182247486,139.67635707519312,158.11388300841898,34.713109915419565,12.392836411245845,10.816653826391969,108.64229503207174,99.26273287283685,-15.31013731885154,647.5199999999983,0.8479605558045717,1,969.1287662543609,494.5981604820806,0,53,53
2,54,5096,88.0,508.0,1.0,1.1777097810855637,0.75118199810856,1.0,0.5649041126260946,0.3349650628385033,103.02541505621068,102.69371937952194,27.0,9.319509318109438,8.246211251235321,67.89930065105041,68.00657670109096,-55.631059309904984,437.2399999999986,0.8736499228527346,1,77.34222919937206,522.0694662480377,0,54,54
2,55,4491,272.0,507.0,1.0,1.1032876900632083,0.7388466131932158,1.0,0.5800077489345214,0.5084365742120097,93.02757719765026,94.42986815621421,29.068883707497267,10.92806356053261,9.848857801796104,61.49804508333268,62.68883203108748,-40.41125808628508,333.163999999999,0.8960494812450119,1,271.8888888888889,507.04275217100866,0,55,55
2,56,8369,477.0,530.0,1.0,1.2941963370717844,0.7357073509965824,1.0,0.5422092646582443,0.22947037359408162,137.27055764526932,148.12494725737457,30.805843601498726,9.910633544421009,8.54400374531753,97.15117745917192,92.97328826505226,20.625830699782274,676.9839999999974,0.7848267454400525,1,466.1841319154021,522.0672720755168,0,56,56
2,57,4626,590.0,550.0,1.0,1.3921226650334795,0.8954950090289245,1.0,0.5622265435099659,0.5684698863731423,116.81704460309582,128.87590930814028,27.0,10.019396584196052,9.0,55.8492770800006,51.99194365711806,-21.765415653734603,319.7819999999991,0.9194991055456172,1,590.2775616083009,547.8184176394293,0,57,57
2,58,2205,712.0,558.0,1.0,1.0535217907754302,0.48039033666944436,1.0,0.6839330024813896,0.6186419535783475,57.77975622881929,62.369864518050704,22.02271554554524,7.590767165514926,6.708203932499369,50.62096700859196,50.67601261682325,7.86149722806851,211.63599999999965,0.8923512747875354,1,715.1505668934241,556.087074829932,0,58,58
2,59,6358,368.0,531.0,1.0,1.3848162318840367,0.691784736050234,1.0,0.5097001763668431,0.22740906757957302,121.19877664416839,125.89678312014172,24.08318915758459,8.245957573802078,7.211102550927978,93.30539749844178,87.51809557506554,-18.325483471099123,592.7359999999978,0.7023086269744837,1,364.3982384397609,551.0482856244101,0,59,59
2,60,8132,788.0,559.0,1.0,1.5264565858551027,0.8896042418853477,1.0,0.5045917101017622,0.1981951498152079,161.4321189738064,175.30829986055994,29.154759474226502,9.754342143656412,8.0,84.66068268482455,73.73124513582154,-26.37529777723488,718.0539999999972,0.8041532756489492,1,796.9661829808165,556.5689867191343,0,60,60
2,61,11407,657.0,595.0,1.0,2.0023000013739747,0.9038456929894367,1.0,0.4241308793456033,0.1733397435440838,221.28623555409754,198.84918908559823,30.59411708155671,8.687059497844945,7.280109889280518,111.65602434884686,94.67921420348151,49.11437237658508,909.3719999999969,0.6550288552642912,1,692.3805557990707,639.1379854475322,0,61,61
2,62,3692,26.0,631.0,1.0,1.274730570286963,0.8380519263480103,1.0,0.7473684210526316,0.3873454635909999,95.97394399361376,96.04686356149273,23.0,9.070090498580415,8.0,51.0,52.362469896354625,82.34214581455696,346.0879999999993,0.872091649935042,1,23.9238894907909,631.9420368364031,0,62,62
2,63,9472,270.0,584.0,1.0,1.7114603665178185,0.8407268711032384,1.0,0.38848330735788694,0.1198282561659449,178.33388497949755,205.0609665440988,22.0,7.109369498355866,5.830951894845301,111.2591964636022,96.5605659946215,32.94421188982406,996.657999999996,0.5830178807743206,1,264.2928631756757,589.4132179054054,0,63,63
2,64,8573,943.0,569.0,1.0,1.3261830300231374,0.8575771533987012,1.0,0.5501861121807213,0.4523722168458141,151.04569689546037,166.13849644197458,33.95585369269929,12.764467692347214,11.40175425099138,88.30149186365163,77.69116227723511,-33.419647880742644,488.003999999998,0.8844526978231714,1,936.8118511606206,583.4509506590458,0,64,64
2,65,7733,511.0,608.0,1.0,1.365477866416634,0.8837454659951484,1.0,0.581953642384106,0.540639916350229,148.2633290691338,157.8005069700348,32.57299494980466,12.073173501544147,11.0,71.6916795242154,69.38247810241602,19.01827402706828,423.9599999999988,0.8987157882503339,1,516.6975300659511,613.1774214405793,0,65,65
2,66,8045,1023.0,611.0,1.0,3.1874410199519567,0.9576288720884473,1.0,0.3364419538307126,0.20286182642536327,245.05510167024556,219.64744478368056,31.144823004794873,9.301870325359213,8.0,85.79911385810469,70.57712149409218,-18.06371555714057,705.9399999999978,0.5593797802809067,1,945.2338098197638,638.1792417650714,0,66,66
2,67,6457,186.0,626.0,1.0,1.3562572589011939,0.7773268096887812,1.0,0.6309360953683799,0.37388111975211924,126.19591496103439,124.25779653607253,26.1725046566048,9.35110984017032,8.602325267042627,84.37546642667722,79.38947106591036,12.295058209889202,465.8579999999987,0.7812462189957653,1,184.24438593774198,638.3750967941769,0,67,67
2,68,3061,83.0,611.0,1.0,1.643490368547576,0.8402345376181157,1.0,0.5142809139784946,0.14763080472266232,99.3631168697046,108.78419002777932,14.142135623730951,4.716322864115878,4.123105625617661,60.49382747537035,53.87698015196296,-72.88588750888155,510.44399999999894,0.6690710382513662,1,80.61352499183273,629.6033975824894,0,68,68
2,69,4836,377.0,639.0,1.0,1.5949055648371648,0.9124970331508003,1.0,0.533068783068783,0.49768653864520124,129.50242707318884,130.3878828726044,26.832815729997478,9.58414136355517,8.48528137423857,58.49403152577134,52.97728309829024,23.347499700695124,349.4379999999992,0.8681446907817968,1,399.677005789909,649.9452026468156,0,69,69
2,70,5468,292.0,674.0,1.0,1.795159398405296,0.935404480405737,1.0,0.5465267366316842,0.3912747361035041,148.79988672320857,144.88616221019868,22.090722034374522,8.364709468706092,8.0,55.58054511752854,52.61258854113402,14.761953788017479,419.06199999999876,0.8419431826930478,1,321.48536942209216,686.804133138259,0,70,70
2,71,5146,639.0,690.0,1.0,1.1277481425369884,0.6659016416926548,1.0,0.6188071188071188,0.555588503499668,97.30043468752608,101.24228365658294,29.427877939124322,10.728654415211297,9.219544457292887,72.54597182934985,72.58997208044096,-20.3460763035584,341.1639999999989,0.8900034590107228,1,637.3602798289934,692.4279051690634,0,71,71
2,72,13367,963.0,709.0,1.0,1.9034079686369674,0.9374565036348531,1.0,0.6474377603409861,0.272358948008939,239.9031439437061,224.24317157942625,36.138621999185304,12.647714999122988,11.180339887498949,91.78551487309726,83.5108680677893,-1.1564712520940608,785.3279999999974,0.7424048875312413,1,904.8800778035461,709.6851948829207,0,72,72
2,73,4228,85.0,700.0,1.0,1.2299944589222953,0.7698213310326179,1.0,0.6101010101010101,0.37349464260265913,96.87085696783949,104.0768946500615,25.317977802344327,8.854582305734672,7.810249675906654,62.150482975812075,61.828739340878265,-11.904700449314236,377.1639999999988,0.8361514881835264,1,81.55227057710502,703.2235099337748,0,73,73
2,74,2796,148.0,713.0,1.0,1.2850242438076667,0.8177177989319442,1.0,0.6314363143631436,0.3853742712030862,82.80435149578528,84.31488599292535,20.615528128088304,7.428626006604248,6.708203932499369,49.82728791224398,47.66378448325279,12.215620692688761,301.9479999999995,0.8312769436598781,1,156.5711731044349,714.7811158798283,0,74,74
2,75,2508,450.0,707.0,1.0,1.1536069413098307,0.7506065247840155,1.0,0.7411347517730497,0.576367908078592,71.54452590989509,71.56814934033156,21.0,7.614753409591034,7.0,45.83159825088024,47.273006647686096,2.8237943516708595,233.83999999999963,0.9247787610619469,1,448.89712918660285,704.7938596491229,0,75,75
2,76,5250,320.0,747.0,1.0,1.665637792672637,0.9013344550191933,1.0,0.43859649122807015,0.4186062006940086,136.70450464900122,134.937022347464,24.20743687382041,8.720819734966241,8.06225774829855,71.31650067157446,59.20997043843346,24.028484081521576,396.991999999999,0.7729681978798587,1,300.8335238095238,737.1057142857143,0,76,76
2,77,6231,405.0,758.0,1.0,1.5757496280481784,0.9220869943832241,1.0,0.4841491841491842,0.5526379370959407,147.21120846585845,149.57606760441325,29.068883707497267,10.738848607237465,9.899494936611665,58.617882764351705,56.96818420628619,-27.705597645572766,376.4119999999988,0.9342529424994376,1,386.93773070133204,771.0619483229016,0,77,77
2,78,3519,104.0,768.0,1.0,1.7411632162195432,0.93107619218905,1.0,0.506039689387403,0.2780641294450347,117.16639715117,121.46192819151193,18.384776310850235,6.537875196323828,5.656854249492381,43.37971876349592,42.74520574439178,-23.535427613117257,398.7879999999987,0.8643006263048015,1,111.14805342426826,767.9948849104859,0,78,78
2,79,6328,692.0,758.0,1.0,1.2467698907745517,0.8264874694522382,1.0,0.6124661246612466,0.31772656283207373,123.31819091399609,125.2836781069266,32.0,10.78009049669768,9.219544457292887,79.23602548372378,69.42260649366546,22.983623262364592,500.27799999999814,0.8293577981651377,1,692.9565423514539,762.2719658659925,0,79,79
2,80,6930,548.0,774.0,1.0,1.385130252541955,0.8827538933147946,1.0,0.525,0.5358565607173067,141.26484206247028,153.3883959105121,32.526911934581186,11.768243673341189,10.63014581273465,68.85329929665197,66.37126277519965,-48.56360677645892,403.13199999999875,0.9002923026956804,1,539.3965367965368,790.794227994228,0,80,80
2,81,6941,772.0,798.0,1.0,1.6631645992417923,0.9167490010519496,1.0,0.4014459224985541,0.2698497873735455,158.9374564512913,174.72549899771354,26.419689627245813,8.576292402641332,7.280109889280518,72.3950385781944,63.4897486903632,-52.545538832985685,568.5319999999977,0.7822167126838339,1,774.4974787494598,804.1436392450655,0,81,81
2,82,10108,923.0,799.0,1.0,1.3024692293113798,0.7933855658811493,1.0,0.5507246376811594,0.33526042599252065,156.12191091063505,169.941166289984,34.058772731852805,12.975117543541277,11.704699910719626,107.38722901265915,95.03444054205406,1.77605141728376,615.5259999999979,0.7478820613369834,1,893.8288484368817,804.6571032845271,0,82,82
2,83,3150,117.0,813.0,1.0,2.812229908202483,0.9796127697035232,1.0,0.29199110122358174,0.34607328450432145,146.99282333640375,147.82760229402356,16.15549442140351,6.065901282752005,5.385164807134504,33.28770170473494,29.530130710618387,-33.85109513102751,338.201999999999,0.9086975335352662,1,135.62031746031747,798.9155555555556,0,83,83
2,84,4536,0.0,842.0,1.0,1.2827210141363055,0.8024921297253083,1.0,0.7052238805970149,0.45287093018224794,104.38073957578668,104.21612159354233,32.0,11.113697342973728,9.848857801796104,66.0,62.280094266957256,83.22383513635131,354.7759999999994,0.8446927374301676,1,26.8560405643739,850.0244708994709,0,84,84
2,85,4701,434.0,815.0,1.0,1.3079778793684462,0.8708076017981228,1.0,0.5701637355973317,0.606101622301209,112.12777148495077,122.67436570041843,28.178005607210743,10.40773704216482,9.219544457292887,60.51153404401346,55.12469934042125,-48.43749397228811,312.1959999999993,0.9137914277383613,1,442.3144011912359,807.8610933843863,0,85,85
2,86,6336,683.0,835.0,1.0,1.4604214153046242,0.7551990632963405,1.0,0.43696551724137933,0.16556925590692043,128.16928934947939,135.80132547217644,23.706539182259394,6.841784432556831,5.656854249492381,101.16540077209426,84.0143947801373,50.64883156769108,693.4619999999976,0.6411981986540505,1,669.271148989899,833.1685606060606,0,86,86
2,87,4592,1010.0,857.0,1.0,1.2598790538721185,0.8373434130526701,1.0,0.7663551401869159,0.6076895411743033,106.34817042017794,108.24047302187847,34.0,13.539848597392176,12.727922061357855,55.0,58.13812466207133,88.4578332643757,308.15199999999953,0.9555717407137655,1,999.9422909407665,872.8412456445993,0,87,87
2,88,4934,152.0,854.0,1.0,2.111551204730771,0.9635666758462517,1.0,0.632320902217096,0.4033003658887048,157.068854596079,155.54099138169335,20.615528128088304,8.033986397476719,7.280109889280518,45.5964834314012,42.010930623184315,-6.169250010420644,392.0939999999989,0.8744350908285334,1,151.7419943250912,855.3500202675314,0,88,88
2,89,3472,819.0,869.0,1.0,1.186112689917002,0.6546001310197831,1.0,0.6458333333333334,0.41310483262545394,81.59136026433382,84.21995013059554,24.73863375370596,8.529346701701135,7.0710678118654755,63.0,61.681053822703646,1.4682749157377848,324.9859999999993,0.8315171835708298,1,821.0866935483871,871.5365783410139,0,89,89
2,90,6064,299.0,870.0,1.0,1.313161709776259,0.8563359927368644,1.0,0.6061575369852059,0.5952947901742567,126.32167659334418,134.16407864998737,31.38470965295043,11.6848822544085,10.295630140987,65.82751908163705,65.23492417615557,-20.771178661161567,357.7819999999993,0.9101688555347089,1,284.7061345646438,877.1997031662269,0,90,90
2,91,4952,422.0,882.0,1.0,1.7909174104750498,0.9261005575595604,1.0,0.5246874337783428,0.40634123557327273,140.36805612200806,142.89856542317,25.179356624028344,8.421027806886956,7.615773105863909,59.40372025553635,52.95760610054138,-10.410762811485219,391.3359999999989,0.8053996909815401,1,439.57088045234246,877.8346122778676,0,91,91
2,92,4917,890.0,918.0,1.0,1.9127743506761323,0.9417132014945021,1.0,0.5309361839974085,0.4463540089699229,146.4270592275444,149.68299836654796,25.0,8.935632802106428,7.810249675906654,55.472963610963724,49.26051895744973,-77.30533027586121,372.061999999999,0.8218285141233496,1,885.1879194630873,918.8104535285744,0,92,92
2,93,8812,682.0,932.0,1.0,1.2785498269777755,0.8487071833006485,1.0,0.6535637469405918,0.4777413089669672,149.4705023749149,148.94629904767692,33.61547262794322,12.642642526423398,11.40175425099138,90.80331149969336,79.04942454988387,67.37282875769758,481.4439999999987,0.8559910631890814,1,694.9625510667272,954.02088061734,0,93,93
2,94,3185,339.0,918.0,1.0,2.579248668407471,0.9732906428060828,1.0,0.5224737532808399,0.3446523935149174,140.7256938142078,129.3560976529518,15.132745950421556,6.031439244070382,5.830951894845301,34.09142563943744,32.307298537834285,-9.830835414888702,340.7759999999993,0.7883663366336634,1,303.34725274725275,923.2772370486656,0,94,94
2,95,8710,96.0,953.0,1.0,1.1029742759228782,0.5335861533275582,1.0,0.5812479145812479,0.5600797380686595,119.22820407525529,135.79396157414365,40.8166632639171,13.890807947214652,12.206555615733702,103.4792134916368,100.83674288256461,-7.945383221434215,442.0679999999986,0.8962749536941759,1,89.79621125143514,956.7539609644087,0,95,95
2,96,4336,498.0,920.0,1.0,1.1740106252675266,0.7974799715480342,1.0,0.6449501710545887,0.49375367377069707,97.3533177119033,108.37435120913067,28.792360097775937,9.688882207197402,8.48528137423857,62.162689774494154,58.73767829428356,-43.8122110115579,332.1959999999991,0.9154438931700623,1,491.702721402214,923.5020756457565,0,96,96
2,97,3528,822.0,939.0,1.0,1.1171810715932033,0.6673635521816131,1.0,0.653817642698295,0.6405254077282835,80.25524235059343,80.99382692526635,25.019992006393608,9.064132859798267,8.06225774829855,60.138346249752935,59.768654549382894,37.160289920528584,263.0879999999995,0.8990825688073394,1,817.7440476190476,932.5768140589569,0,97,97
2,98,6513,592.0,933.0,1.0,1.255810891133501,0.8134517154944548,1.0,0.4843459507696884,0.33745061074004973,124.55212116702916,145.41664278891878,33.95585369269929,11.880448997599984,10.198039027185569,81.19150394980304,72.44355535132775,-45.15322118398223,492.4819999999986,0.8102761881064942,1,589.562874251497,933.0190388453861,0,98,98
2,99,3232,384.0,967.0,1.0,1.045877832710549,0.17855734929118774,1.0,0.6235770789118271,0.553651350964391,66.06381075374127,77.38862965578342,27.586228448267445,9.346608167356221,8.0,65.42409664321647,65.00213268735251,-34.94433667890686,270.84599999999955,0.8578633045786329,1,381.3056930693069,965.2178217821782,0,99,99
2,100,3297,507.0,980.0,1.0,1.4413184873730922,0.809748279839314,1.0,0.39818840579710146,0.3432844896888736,94.75176764010133,108.16653826391968,22.80350850198276,7.803791234648074,6.708203932499369,56.84884703292891,55.598196357526696,-37.151295093927324,347.40599999999904,0.714177407126611,1,508.17106460418563,972.2981498331817,0,100,100
2,101,4427,316.0,992.0,1.0,1.3694694913765268,0.7711594992741578,1.0,0.6042861042861043,0.2521354346775567,104.66143677760448,99.72462083156798,19.235384061671343,6.475910824485065,5.656854249492381,70.28641404994282,66.63186565333827,21.136626723184825,469.7239999999985,0.7852075203973039,1,293.9478201942625,979.3833295685566,0,101,101
2,102,3854,799.0,992.0,1.0,1.318572211148619,0.8273673675637369,1.0,0.5227180252271802,0.28787668618828394,99.04810740181757,116.2841347734075,24.596747752497688,8.277895456896662,7.0710678118654755,59.72917148988461,55.63147317425408,29.43138293127911,410.163999999999,0.7827764801462375,1,804.1408925791386,993.409704203425,0,102,102
2,103,7884,930.0,993.0,1.0,1.144198354748174,0.7576331549172227,1.0,0.6762157989535981,0.46773415172105137,126.7143788156286,146.23952953972466,41.617304093369626,15.641096621501383,14.0,88.0,82.70402038120257,-23.807143010647668,460.2339999999989,0.8905455777702473,1,935.9048706240487,983.927828513445,0,103,103
2,104,3152,583.0,1023.0,1.0,1.327039609005891,0.8467373698932371,1.0,0.7137681159420289,0.4859549576870176,90.99976880126246,92.9623579735368,35.73513677041127,12.059641312790971,10.44030650891055,47.0,48.41288845980473,4.711455895798882,285.49599999999987,0.9215027042829996,1,590.253807106599,1004.4054568527919,0,104,104
2,105,2351,1023.0,1023.0,1.0,2.1731069614936205,0.9469407752121936,1.0,0.6581746920492721,0.3798854591969887,108.43220374844854,100.08995953640904,31.827660925679098,10.51899642758285,9.848857801796104,36.88216530583662,34.8509888377694,-88.279158676462,278.87199999999973,0.760103459424507,1,1009.7554232241599,979.7282007656316,0,105,105
3,1,3497,740.0,0.0,1.0,1.4506735106612527,0.9018273655122984,1.0,0.6856862745098039,0.5427966489721778,104.18900472067737,101.59724405711013,35.17101079013795,12.321535943978002,11.0,49.0,45.01970638823472,-4.37448788441454,284.53399999999925,0.911270358306189,1,745.1681441235345,18.668287103231343,0,1,1
3,2,3137,478.0,0.0,1.0,2.312265644672967,0.9717938774811012,1.0,0.5896616541353383,0.3534137660349385,132.0601589227845,140.29255147726127,28.0178514522438,9.211618359428295,8.06225774829855,33.53585910862947,31.1439910905064,9.220699860688118,333.97999999999934,0.9006603502727535,1,491.3034746573159,15.917437041759642,0,2,2
3,3,11113,272.0,27.0,1.0,1.3072182758044748,0.8374256931486298,1.0,0.6341950579238714,0.2674782900578658,168.46393513620413,178.70926109186397,35.35533905932738,12.080518878663613,10.44030650891055,97.01706431979258,92.07416501664585,11.731129650291159,722.5639999999976,0.8571208206393891,1,280.59245928192206,48.0960136776748,0,3,3
3,4,4366,887.0,32.0,1.0,1.1310564044939637,0.6385852770119146,1.0,0.5840021401819154,0.4157613286883325,88.75317211829093,94.40338976964757,26.68332812825267,9.740196992752587,8.94427190999916,75.92861454312049,68.30009826075312,28.194238379306498,363.26599999999905,0.8401808909843164,1,888.9766376546038,34.202244617498856,0,4,4
3,5,9178,32.0,70.0,1.0,1.2949104675277665,0.842388243764444,1.0,0.6710535936243328,0.3192691428608073,152.8761230862388,157.42934923323543,34.713109915419565,12.859673144705255,11.40175425099138,91.33630690899524,82.38052239160628,-14.80101764311637,601.0359999999982,0.8421728757570196,1,65.27555022880802,61.70625408585749,0,5,5
3,6,5130,965.0,35.0,1.0,1.1982271022139757,0.8092606290269173,1.0,0.6334115322879368,0.5078090775891538,107.71758877440729,114.33722053644648,29.732137494637012,10.837237868942498,9.667845391150621,68.4358773895639,63.27867293695342,45.99946842897461,356.2979999999991,0.9081253319171536,1,975.5062378167642,42.839376218323586,0,6,6
3,7,7018,626.0,52.0,1.0,1.082063021587,0.619813592149228,1.0,0.6427917200952555,0.5452765792751263,109.22834292881146,116.27553482998907,36.71511950137164,14.437968609287905,13.341664064126334,92.85805097321737,85.7168410962166,-51.11101041293265,402.1639999999986,0.8669013649558396,1,628.444001139926,44.66129951553149,0,7,7
3,8,7741,806.0,97.0,1.0,1.2320578768958101,0.8326845639040008,1.0,0.6023187052598817,0.6119908943302796,136.10693844916403,136.69308687713507,35.0,12.909478275170311,12.041594578792296,83.06197722163063,75.36889204949152,36.37091889264251,398.6859999999988,0.8990186400325184,1,809.031649657667,100.9516858287043,0,8,8
3,9,6063,715.0,118.0,1.0,1.3575275095267527,0.8547151441279884,1.0,0.48605098605098607,0.31351873521187773,128.28510016016085,129.5414991421668,27.073972741361768,9.511375371985405,8.246211251235321,77.6666129186104,66.59245104246357,34.57470457409088,492.96599999999864,0.8240010872519709,1,712.8451261751608,110.47831106712849,0,9,9
3,10,8813,456.0,83.0,1.0,1.030209974796736,0.3306720243995629,1.0,0.7634268884268884,0.5959057670241485,110.40425825556338,126.82665335015349,47.042533945356304,15.714089962546945,13.45362404707371,102.37002467138275,104.19354785153193,19.62575985327325,431.0999999999988,0.9072005764578722,1,457.5153750141836,83.70055599682287,0,10,10
3,11,8452,294.0,138.0,1.0,1.6387034682805888,0.921807439807206,1.0,0.6201482133685523,0.39304595535708375,174.78237666769598,176.34341496069538,34.48187929913333,11.870640953984072,10.770329614269007,73.85107849272319,67.75405498484848,-1.2267588529589868,519.8319999999981,0.846088392812453,1,314.0313535257927,137.0202318977757,0,11,11
3,12,6232,919.0,132.0,1.0,1.1200450713653822,0.7189224364662744,1.0,0.6027079303675048,0.48871700330133316,109.30836727317427,117.66052864066182,33.61547262794322,11.896758284953481,10.44030650891055,82.93689697690148,75.97918620860752,54.312982932651096,400.30399999999895,0.8528807992336114,1,911.188703465982,129.50176508344032,0,12,12
3,13,10630,169.0,115.0,1.0,1.1402782790096107,0.6079382886108426,1.0,0.5379554655870445,0.48899520474029123,137.35267005987617,153.16984037335808,41.036569057366385,13.870755549023915,12.529964086141668,119.24157730097936,109.0558608741707,-10.966827021126647,522.6599999999981,0.8516263419323828,1,158.45691439322673,111.88861712135466,0,13,13
3,14,7730,587.0,144.0,1.0,1.1262355836446236,0.5719720700973673,1.0,0.6388957765104554,0.4492490713399128,114.93435841539426,125.89678312014172,36.124783736376884,12.223494429714572,10.63014581273465,96.16652224137046,94.27756194460842,32.25202247688788,464.9979999999987,0.8557511347282186,1,577.0738680465718,136.43428201811125,0,14,14
3,15,2670,848.0,167.0,1.0,3.5822254601363768,0.9137463176288697,1.0,0.31605113636363635,0.15303265153963325,144.33930474661412,134.2609399639374,10.770329614269007,3.8554606714420263,3.605551275463989,63.49806642340894,58.64292387958905,5.1564254508419305,468.23999999999836,0.40057009976745933,1,843.5936329588015,177.3430711610487,0,15,15
3,16,9135,742.0,204.0,1.0,1.3306885843146636,0.8082576400335764,1.0,0.5767045454545454,0.25328655548678053,151.34169732690188,153.40469353966978,30.805843601498726,10.901943553393732,9.219544457292887,95.28545257340681,89.11437979235671,19.83058086854184,673.2139999999979,0.7868217054263565,1,725.5289545703339,198.80930487137383,0,16,16
3,17,2212,836.0,200.0,1.0,1.3402594582315746,0.8723734421215272,1.0,0.5810349356448647,0.6331199216380017,77.97883252969939,81.21576201698781,17.0,7.114544770830716,6.4031242374328485,37.83239361647891,38.119175036619644,18.361316347504292,209.53399999999962,0.9337273111017307,1,842.7667269439421,198.97830018083184,0,17,17
3,18,9061,65.0,203.0,1.0,1.2254849463221669,0.82402792031659,1.0,0.6114035087719298,0.565926980724072,146.05362675314046,155.63097378092831,40.162171256046406,14.529688701637221,13.0,90.50627128688379,82.74656417189334,13.636519778837215,448.55199999999866,0.8981068490435129,1,77.9566273038296,209.72541662068204,0,18,18
3,19,4385,244.0,208.0,1.0,1.573285001153812,0.8908032327946193,0.0,0.40148324482695474,0.17745007613305136,120.4831308330972,130.50670480860362,22.135943621178654,6.789980507342012,5.656854249492381,61.0976727254988,54.746240773007116,30.512710875896264,557.251999999998,0.6971383147853735,1,240.781755986317,206.4043329532497,0,19,19
3,20,3073,966.0,209.0,1.0,1.470139650761472,0.9089135299598377,1.0,0.6347862011980996,0.46020718148421536,98.86359102744039,103.75451797391764,19.4164878389476,7.454053072830981,6.4031242374328485,42.28136059421824,41.22459951352852,4.1238121089033335,289.6739999999994,0.8595804195804196,1,972.864952814839,209.46794663195575,0,20,20
3,21,10421,501.0,216.0,1.0,1.4941024881870968,0.8883088083797362,1.0,0.5425343606830487,0.339494358913154,180.61247075821336,195.04102132628407,36.05551275463989,12.545882856010387,10.770329614269007,90.27002755171038,82.9456673102768,6.366320807521276,621.0739999999981,0.8686700287583878,1,504.67747816908167,217.55714422800116,0,21,21
3,22,2448,893.0,218.0,1.0,2.0224681547167855,0.9517864147474933,1.0,0.3825,0.35785343920186247,107.19150583136087,103.40696301506973,16.401219466856727,6.132349663782011,5.656854249492381,36.77957257683288,32.88222760875856,28.361112721788125,293.1959999999994,0.813424156836684,1,910.8492647058823,229.3296568627451,0,22,22
3,23,4562,387.0,226.0,1.0,1.5817560035504763,0.8865918096512069,1.0,0.6665692577440093,0.30048565800878974,122.83832237050846,120.8056290079233,25.079872407968907,8.089109539303333,6.708203932499369,56.748998990551875,56.81919273404344,5.659000822263643,436.7879999999988,0.7885911840968022,1,362.8575186321789,222.66155195089874,0,23,23
3,24,6233,865.0,274.0,1.0,1.221453659007095,0.8181459779755885,1.0,0.5989813569094753,0.5521227717755888,120.51624447850506,122.78436382536663,31.906112267087632,11.765916147690007,10.44030650891055,71.55417527999327,69.29811475782377,25.59273292270044,376.64799999999894,0.8724804031354984,1,858.1216107813252,275.5278357131397,0,24,24
3,25,12558,648.0,258.0,1.0,2.4080743891249017,0.9595683625082515,1.0,0.4558257713248639,0.18087361334271373,266.5662995186781,289.4995682207488,30.4138126514911,10.298293703541534,8.54400374531753,90.53689951927662,75.03193006306995,-3.913798891140968,934.0659999999966,0.7021526418786693,1,639.5258002866699,267.9544513457557,0,25,25
3,26,6085,193.0,233.0,1.0,1.7699484667533696,0.8576794684254375,1.0,0.47613458528951486,0.2498870714403298,147.02456852859987,145.79780519610026,25.079872407968907,8.407931455153589,7.0710678118654755,84.83541837260547,75.59778705377701,14.07867364398352,553.1759999999983,0.6817927170868348,1,217.11585866885784,246.9607230895645,0,26,26
3,27,14869,108.0,302.0,1.0,1.3827935839002239,0.8137603263460674,1.0,0.4751086400817996,0.21213211040605678,197.4489897071719,201.12185361118767,43.56604182158393,15.308718388067765,13.341664064126334,144.55363744423954,114.75747023826085,27.92060708364936,938.5179999999962,0.7308429589579749,1,102.812361288587,302.685116685722,0,27,27
3,28,9328,352.0,301.0,1.0,1.069274126279054,0.6256439833152047,1.0,0.710704761904762,0.6406463630668712,125.44863383464258,130.96946208945045,45.09988913511872,15.946419857109111,14.035668847618199,104.0,97.86357245261523,-33.22943529135387,427.74999999999864,0.9174781154716241,1,354.9921740994854,302.46097770154375,0,28,28
3,29,2700,1004.0,281.0,1.0,1.3280773013435758,0.6593416676739869,1.0,0.6,0.44524405074904294,76.2935355309667,79.84985911070852,18.681541692269406,7.1136032276137025,6.708203932499369,58.070969674276505,57.36079455841878,12.794652111718916,276.0499999999995,0.807899461400359,1,995.3614814814815,287.51222222222225,0,29,29
3,30,7719,501.0,318.0,1.0,1.607192725168141,0.9276315199692774,1.0,0.6265422077922078,0.5177021969707976,166.2032977994871,157.96518603793686,28.30194339616981,11.388799605113183,10.770329614269007,68.27863786430439,62.07637841761819,13.079969581825617,432.8579999999986,0.8747733454215777,1,508.71382303407177,324.3481020857624,0,30,30
3,31,4365,738.0,319.0,1.0,1.141727747009926,0.732585646542653,1.0,0.547816265060241,0.35071460054336434,93.00295936160711,102.04410811016969,27.892651361962706,9.925794195290122,8.54400374531753,62.90282632891765,63.304776714940886,34.48802146971712,395.4759999999989,0.8313493952956864,1,743.7835051546392,323.8662084765177,0,31,31
3,32,4606,266.0,344.0,1.0,1.0635183003469937,0.682151369430373,1.0,0.6779511333529585,0.7445684737271988,90.03828023528526,94.02127418834527,32.202484376209235,11.644585794357383,10.295630140987,65.73840933228048,65.83697986173655,43.080677855041856,278.8139999999994,0.9477366255144033,1,267.7147199305254,345.3643074250977,0,32,32
3,33,6132,815.0,376.0,1.0,1.0829211378705614,0.690971209632269,1.0,0.6576576576576577,0.7628682909325597,105.22993345311545,112.80514172678478,36.22154055254967,13.139628899055445,11.852349955359813,81.16122702447248,76.06885398019777,-12.489837731536264,317.8199999999992,0.949446465897654,1,811.4101435094585,378.88062622309195,0,33,33
3,34,3181,424.0,370.0,1.0,1.332271210886363,0.8721930228387317,1.0,0.5402513586956522,0.5124339339656232,93.1984636923548,97.49871794028884,21.93171219946131,8.093707398128071,7.0710678118654755,45.42551035652151,45.589134385492244,-27.60171190852744,279.29799999999943,0.9117225566064775,1,425.1153725243634,369.02734988997173,0,34,34
3,35,6801,955.0,343.0,1.0,1.2661266517316714,0.2895975800012155,1.0,0.5181714285714286,0.2716125410338509,106.80456456405403,127.12198865656563,28.178005607210743,9.511156826518178,8.0,97.42692212442707,102.22782824147187,67.93407124013989,560.939999999998,0.7473215757375968,1,968.1662990736656,357.53727393030437,0,35,35
3,36,6039,42.0,389.0,1.0,1.1767613113219435,0.6963025057310747,1.0,0.7400735294117647,0.38895243779758876,109.12113312301322,120.9297316626478,32.38826948140329,11.696919615702834,10.198039027185569,78.60028363279591,78.32152287168726,22.094373613900615,441.7119999999991,0.8923531584780199,1,42.86405033946018,394.70673952641164,0,36,36
3,37,15375,660.0,369.0,1.0,1.1010631921897602,0.4749315182633411,1.0,0.5533760437661964,0.4288399251521283,155.57759098456222,183.98369492974098,50.24937810560445,17.958401599471173,16.0,144.05211149857513,136.91182055645424,-19.043793455225774,671.2199999999975,0.8328142350296561,1,656.0764227642277,368.438243902439,0,37,37
3,38,6692,195.0,393.0,1.0,1.1840729685972236,0.8163900716461046,1.0,0.6484496124031007,0.5200301559979386,122.81461268995693,129.1239714383042,35.11409973215888,12.462842903670737,11.180339887498949,74.84100794743638,70.92554525894668,0.9845852151722617,402.13199999999887,0.8959100341388313,1,182.11999402271368,392.3746264196055,0,38,38
3,39,8102,531.0,435.0,1.0,1.2332943285905944,0.7221369817239051,1.0,0.575589656152316,0.5116083881298313,130.96634846166887,141.40014144264495,34.132096331752024,12.241360709871975,11.045361017187261,91.28084498157573,90.59598263592991,-34.75602637164027,446.0999999999987,0.8581718038343396,1,520.3621328067144,435.0698592940015,0,39,39
3,40,11467,297.0,450.0,1.0,2.0853083523267255,0.953821158068031,1.0,0.4207301412584847,0.2214624846954499,235.85418464092646,254.77833502870686,37.107950630558946,12.337236994154756,10.0,80.93088922598206,70.84472340249721,-18.113686680332233,806.6399999999973,0.7973992559368589,1,329.0878172146159,439.92456614633295,0,40,40
3,41,7349,50.0,473.0,1.0,1.0859224707898696,0.6149160053304671,1.0,0.6804629629629629,0.5158986344496402,111.76212636777389,121.26417442921878,39.35733730830886,13.383604838888033,11.704699910719626,87.98154246331165,88.13478706202646,-46.02434342889779,423.093999999999,0.9192569891800613,1,44.011974418288204,476.66321948564433,0,41,41
3,42,9144,761.0,459.0,1.0,1.0639781025170958,0.5789298276467272,1.0,0.6537966537966537,0.520038854840251,121.786932147095,127.67536959022284,43.32435804486894,15.24093752090989,13.416407864998739,104.06133170774697,99.30230837119778,69.16989262158951,470.06199999999876,0.8934049829018077,1,755.7457349081365,461.154636920385,0,42,42
3,43,5953,906.0,469.0,1.0,1.1497103204158157,0.7928087819640062,1.0,0.6610037752609371,0.6900045761251896,112.56018886436561,115.12167476196652,31.78049716414141,12.382516822181932,11.180339887498949,71.26047600090155,68.60210949645735,76.68625013326307,329.2659999999993,0.9198084054388135,1,900.8261380816396,452.2581891483286,0,43,43
3,44,8446,661.0,490.0,1.0,1.4803664006934372,0.8541084511191351,1.0,0.4516577540106952,0.13535429442469638,158.02233370394654,177.11578134090706,24.596747752497688,8.105337888113512,6.4031242374328485,94.03714219058189,82.18661724703912,20.956764336971712,885.5119999999965,0.7158840481437533,1,646.2363248875207,478.6246744020838,0,44,44
3,45,6043,380.0,514.0,1.0,1.5853649899511595,0.8862895889605737,1.0,0.4161845730027548,0.2760859727035023,141.4907984824018,146.6594695203825,26.92582403567252,8.677116513649878,7.0710678118654755,67.99971524272345,65.52884240850399,-48.5716833867104,524.4559999999982,0.7873102729463879,1,373.8373324507695,521.6503392354791,0,45,45
3,46,7333,124.0,536.0,1.0,1.5398837764376623,0.8694862630324858,1.0,0.43596908442330556,0.32465722171439065,151.76976937452866,172.28464818433474,28.844410203711913,10.615589184044275,9.433981132056603,83.4467147615806,74.96775849042236,-40.32384508327586,532.7619999999981,0.7162881562881561,1,145.54697940815493,508.3431065048411,0,46,46
3,47,5022,568.0,531.0,1.0,1.1099726613840089,0.5467680333302758,1.0,0.5809138230190862,0.45979729763448407,91.22384203782966,96.64884893261792,29.154759474226502,10.381125505104274,9.055385138137417,85.49664058997057,76.38027539993723,-7.992276368358318,370.47599999999886,0.8352598752598751,1,571.6806053365193,531.7327757865393,0,47,47
3,48,5865,441.0,520.0,1.0,1.5536504226222922,0.8989935636350309,1.0,0.6033950617283951,0.24722693044266036,139.2988358033728,139.61733416735902,26.248809496813376,8.290116459312936,7.0710678118654755,67.29415348143927,61.00757431848957,-14.547279578411683,545.9979999999985,0.8043060888645093,1,469.4859335038363,515.0211423699915,0,48,48
3,49,10022,935.0,583.0,1.0,2.8802339652880966,0.9758039755648374,1.0,0.320704,0.17240629328127388,264.310885074561,256.3630238548453,23.40939982143925,8.581626002280592,7.615773105863909,73.25171997733575,57.79083688765742,-72.56503488985526,854.6839999999968,0.7348854262144822,1,950.7187188185991,550.0117740969866,0,49,49
3,50,6854,846.0,531.0,1.0,2.0498589776196887,0.9251533459723552,1.0,0.5108825283243887,0.17830534368682482,176.50970753184257,172.00290695217916,23.430749027719962,7.881174642842889,6.708203932499369,74.3977074895485,67.00195189346766,84.7473902582451,695.0159999999978,0.6495451099317665,1,847.5332652465713,492.4180040852057,0,50,50
3,51,8663,217.0,545.0,1.0,1.1541203666440363,0.7624675213799323,1.0,0.5978605935127674,0.5386644445636228,133.74093796594562,139.83204210766573,39.21734310225516,14.271167069851948,13.0,92.40409227399226,86.53392966958052,-23.663398145178295,449.5519999999985,0.8886495358260245,1,224.63523028973796,537.4099041902343,0,51,51
3,52,10108,650.0,599.0,1.0,1.2967016058932057,0.7897570218059276,1.0,0.5063113604488079,0.25093679940596814,155.45075664686365,166.76030702778164,33.24154027718932,10.85142613617719,9.486832980505138,101.40738246443762,95.35657147896372,-54.49143002193212,711.4679999999973,0.8019040063466879,1,628.907597942224,599.5791452314998,0,52,52
3,53,8595,79.0,615.0,1.0,1.2478563534475648,0.5389752998030536,1.0,0.5138091822094691,0.19735930988324218,126.18433485389012,142.9475428260311,25.96150997149434,8.832477289816675,7.615773105863909,114.33331354386506,106.28778696226078,40.427270691871314,739.7739999999976,0.7114477278370995,1,67.1413612565445,590.5364746945899,0,53,53
3,54,6995,774.0,593.0,1.0,1.1084003469537471,0.6915166613981252,1.0,0.7052122189736869,0.7277596775652688,113.72513809221444,117.33712115098103,35.17101079013795,13.499087538312095,12.165525060596439,86.44007630985081,82.15054879944782,-61.15686495266112,347.5399999999992,0.9402513609785604,1,779.2936383130808,596.6284488920658,0,54,54
3,55,4777,289.0,609.0,1.0,1.2785859984497214,0.8275597828433552,1.0,0.5084078331204768,0.47616417256530597,108.59005716253658,120.20815280171308,26.90724809414742,9.868650803451727,8.602325267042627,66.70925535560984,60.96002529062118,-26.134316229179603,355.06199999999905,0.8349938821884285,1,289.69143814109276,605.8854929872305,0,55,55
3,56,12306,504.0,630.0,1.0,1.2379952812789403,0.5738835981672294,1.0,0.5506040268456376,0.4381170208998862,152.10819003271678,164.20109622045769,39.56008088970496,14.097327995797857,13.0,132.56922329006295,124.56700678427204,47.331210609089716,594.111999999998,0.8071625344352618,1,514.5952380952381,634.3110677718187,0,56,56
3,57,3574,197.0,634.0,1.0,1.2360723562590301,0.8299383851102486,1.0,0.6336879432624114,0.49702118640539356,92.50762369264277,93.53608929178085,24.020824298928627,8.836936386603652,8.0,51.28743070134441,51.605846707841856,10.098781037457556,300.60399999999936,0.8705395201558884,1,195.85030777839955,635.8794068270845,0,57,57
3,58,2842,838.0,656.0,1.0,1.0290243762129474,0.3030168348384169,1.0,0.7769272826681246,0.7656087071115146,62.413015403055056,67.11929677819934,27.0,9.536724841417245,8.365746312736945,57.9204322375812,59.47868017558238,1.4545004209020813,215.9799999999997,0.9508196721311474,1,838.5147783251232,656.1150598170302,0,58,58
3,59,2894,998.0,645.0,1.0,1.2843192774165546,0.7444945292844064,1.0,0.5683424980361351,0.35419027276305276,80.81922480776245,88.86506625215557,24.041630560342615,8.07581581536455,6.708203932499369,57.69143685844939,53.95722278391375,-23.264630308244442,320.43199999999933,0.7844944429384658,1,989.5898410504492,645.9219073946095,0,59,59
3,60,12409,347.0,670.0,1.0,1.6638209539969038,0.8767938691075835,1.0,0.422160985235082,0.21416136265114497,206.24112869040405,208.90428430264421,35.90264614203248,12.128056337768447,10.0,128.7517803817639,99.17443261217812,-17.212542337336668,853.301999999997,0.6175475266248632,1,351.8491417519542,656.7250382786688,0,60,60
3,61,4040,909.0,684.0,1.0,1.156435093550277,0.7562329761247214,1.0,0.6275240757999379,0.6281214435911353,91.15443328265664,89.05054744357274,25.495097567963924,9.740152622758725,8.94427190999916,63.38880653730457,59.64256831090176,59.99393481696228,284.2979999999993,0.9154769997733968,1,904.0160891089109,676.6287128712871,0,61,61
3,62,7029,198.0,703.0,1.0,1.387872989528582,0.8586046154656072,1.0,0.599437148217636,0.41868905255688255,140.02020704173916,142.87407042567241,33.54101966249684,11.026668066886963,9.899494936611665,78.17615516226834,71.77973287704333,5.0658060988762585,459.3099999999986,0.8643098678143251,1,210.99231754161332,703.2725850049794,0,62,62
3,63,9646,89.0,698.0,1.0,1.2237253890230178,0.6386530526425533,1.0,0.5321931034482759,0.3127822737632408,137.1654687956845,156.97452022541748,36.069377593742864,11.737484538520759,9.848857801796104,115.29695492835174,105.54811775176735,-17.939987459019573,622.525999999998,0.7560449896147666,1,91.80375285092266,692.4043126684636,0,63,63
3,64,5089,984.0,722.0,1.0,1.2043424857915102,0.7657034007000678,1.0,0.6236519607843137,0.4012243432075065,104.91875441945774,110.57124400132251,29.410882339705484,10.50668212428696,9.433981132056603,65.01958593455196,67.48309542914424,-22.459844000461143,399.23399999999884,0.8879002006455554,1,981.9341717429751,718.8665749656121,0,64,64
3,65,4572,461.0,720.0,1.0,1.7355416688155831,0.9243770678292867,1.0,0.42018196856906537,0.2444887885290567,132.59474208462404,132.60844618650805,21.93171219946131,7.6698669416273155,6.708203932499369,66.16078381540301,50.582250217173616,-55.849305688319475,484.7619999999986,0.7336917275134397,1,456.27515310586176,735.9057305336833,0,65,65
3,66,7092,693.0,696.0,1.0,1.2741905235958886,0.8644709501291202,1.0,0.6103270223752152,0.6272805053809553,135.309600610397,143.58621103713267,33.13608305156178,12.632934353452038,11.40175425099138,69.31810730249349,68.01780607094018,-16.935945046275158,376.9279999999988,0.9419577633151812,1,682.7136209813875,699.3140157924422,0,66,66
3,67,3826,863.0,751.0,1.0,1.3972011177201378,0.858219381518067,1.0,0.5555394220996079,0.569564569113718,103.65284436134218,104.31682510506155,25.179356624028344,8.916677650159832,8.0,57.16709186737545,53.2032484755675,-65.59153399025514,290.5399999999992,0.8721221791657169,1,856.8727130162049,763.3209618400418,0,67,67
3,68,4816,270.0,762.0,1.0,1.3904816296495162,0.8713251238446214,1.0,0.498705602153878,0.5336802529419034,117.05309230689431,119.4361754243663,28.635642126552707,9.621239253118743,8.54400374531753,61.652555884235845,57.438672618506985,-30.948453643356196,336.74999999999903,0.8508082324882961,1,274.6135797342193,756.5770348837209,0,68,68
3,69,3191,391.0,761.0,1.0,1.140417343843846,0.5958184035930075,1.0,0.5828310502283105,0.5916818283214383,74.97196353602787,84.02380615040002,26.0,9.080591092350968,8.0,63.14822901682588,60.21142246876997,-54.16043039769246,260.3299999999994,0.8886104149262043,1,392.81447821999376,758.5944844876215,0,69,69
3,70,3435,777.0,724.0,1.0,1.2643611089748223,0.8601694200891479,1.0,0.6051797040169133,0.6387686546584161,93.56353330341271,95.524865872714,23.345235059857504,9.198953103999475,8.06225774829855,47.400000000000006,47.718187980147206,-57.400288680101276,259.9539999999993,0.9488950276243093,1,769.7525473071324,735.8439592430859,0,70,70
3,71,3023,796.0,783.0,1.0,1.0916045201966458,0.723599446629149,1.0,0.6635206321334504,0.7382199197246552,75.36319310799115,75.43208866258443,24.08318915758459,9.301144111256441,8.48528137423857,51.07231640419469,52.01719365287975,-52.01122048211579,226.84599999999963,0.9423316708229429,1,800.3178961296725,776.8627191531591,0,71,71
3,72,6150,86.0,775.0,1.0,1.0655354611792447,0.6219219981097258,1.0,0.7351183361224002,0.5244105030126732,101.55653515485757,107.89810007595129,33.95585369269929,12.305765827235936,11.0,81.54189770345721,79.52680996629472,-42.876815427174726,383.88999999999896,0.9194886745907154,1,79.63300813008131,786.520650406504,0,72,72
3,73,4144,992.0,781.0,1.0,1.3528555621089637,0.8592346517047442,1.0,0.6751384815900945,0.4044742247226329,106.21927810651817,104.75208828467335,24.020824298928627,8.462057728233091,7.280109889280518,55.37478212349101,54.339836534304226,-3.471737740633861,358.8139999999991,0.831961453523389,1,977.2695463320464,778.6986003861003,0,73,73
3,74,7824,581.0,798.0,1.0,1.101135726239025,0.5759363793291115,1.0,0.550443224989447,0.46243261971702854,114.49165893813347,139.26234236145822,39.21734310225516,13.684288061228774,12.0,87.67168476833479,93.59630353901545,-14.007149310348787,461.09999999999866,0.8215035699286014,1,584.4578220858896,801.0485685071575,0,74,74
3,75,9170,477.0,804.0,1.0,1.6636046908152187,0.9092230938430549,1.0,0.46785714285714286,0.22874223976457067,181.61845459490317,187.39530410338463,28.0178514522438,9.663981290951961,8.54400374531753,92.03854751876791,75.609436944345,-50.2042979060923,709.7679999999978,0.7559769167353669,1,478.29422028353326,809.3429661941112,0,75,75
3,76,4921,173.0,813.0,1.0,1.2015612019211177,0.7913405429339376,1.0,0.7531374349556168,0.5782344685911187,104.54111340868138,99.92497185388645,28.0178514522438,10.443093293701883,9.433981132056603,62.8087878852668,63.913887716108505,6.965524485444449,327.0239999999992,0.9092756836659277,1,189.37106279211542,814.5702093070514,0,76,76
3,77,7449,346.0,824.0,1.0,1.0824175437498782,0.5675820585863774,1.0,0.6818306636155607,0.6098254970232067,110.44825016212206,116.1077086157504,41.78516483155236,13.93584829356602,12.041594578792296,94.0,90.93390348488508,-8.179047833406328,391.78799999999904,0.9137634936211971,1,343.6881460598738,827.5204725466506,0,77,77
3,78,5337,899.0,821.0,1.0,1.0522795446661732,0.5764219068721693,1.0,0.6738636363636363,0.7255900681767278,92.47399957017632,100.0199980003999,35.22782990761707,12.22348078997283,10.816653826391969,78.90853198630337,75.56533600034703,16.22316687712688,304.0239999999994,0.9249566724436741,1,899.374554993442,821.5759790144276,0,78,78
3,79,7113,716.0,856.0,1.0,1.0482273183644155,0.6335076068700554,1.0,0.7041877041877042,0.5910476873566001,108.81251164167178,111.80339887498948,38.897300677553446,13.9129082296027,12.083045973594572,86.03961304773996,84.19220773743903,-79.40114643091579,388.8839999999991,0.918695511785599,1,713.2337972725994,866.7289469984536,0,79,79
3,80,4311,793.0,866.0,1.0,1.1325787885290868,0.6700015347718642,1.0,0.6652777777777777,0.5521622757974346,89.41393344824547,93.40770846134703,29.0,10.27755822403883,9.0,69.78052282041638,66.37730196789656,-89.96537948979109,313.2279999999993,0.8955130868300789,1,788.1816283924843,865.9329621897472,0,80,80
3,81,6624,106.0,868.0,1.0,1.2280838380910002,0.7148104103776299,1.0,0.5540314486450317,0.2879141688744774,117.76142918433538,130.17296186228538,31.304951684997057,10.949430549212732,9.433981132056603,94.41750068727006,82.35272183135366,-8.939318547785023,537.6919999999985,0.6768161847348526,1,92.81385869565217,861.6639492753624,0,81,81
3,82,6049,185.0,875.0,1.0,2.2834424881022346,0.9467419857868783,1.0,0.3378008599988831,0.26063259277144196,178.1868668977538,163.783393541592,24.596747752497688,8.390560098743642,7.0710678118654755,68.80858242228375,57.37495711906188,-31.635702325752703,540.0479999999978,0.6828469831235536,1,202.77880641428337,865.1621755662093,0,82,82
3,83,5775,981.0,894.0,1.0,1.2820008008951407,0.8576837902617264,1.0,0.5834512022630834,0.47935005870892994,121.91860462608167,130.29965464267354,28.284271247461902,12.131436638496366,11.40175425099138,70.78920227547619,62.68780503924712,-47.82492110526879,389.09399999999897,0.875663381349507,1,979.4860606060606,901.2412121212121,0,83,83
3,84,4095,288.0,896.0,1.0,3.6135601863857967,0.9628447395920011,1.0,0.3780116311271116,0.20330346317081494,187.04797772763507,162.22515218054195,21.095023109728988,6.386700485129898,5.0990195135927845,59.69839743470873,50.51334704848893,-9.042765044972764,503.1059999999985,0.5243613547602282,1,314.3582417582418,891.2234432234433,0,84,84
3,85,3153,440.0,903.0,1.0,1.2241826180572737,0.676717426375537,1.0,0.4535385500575374,0.30070436156274677,79.74459160639609,94.30270409696638,23.345235059857504,7.676398339421468,6.324555320336759,56.27792682143339,58.71138489075003,-38.04211935717647,362.99199999999894,0.7859902779508912,1,439.6228988265144,906.6701554075484,0,85,85
3,86,4002,874.0,901.0,1.0,1.1922328508961333,0.7942744019807763,1.0,0.6423756019261637,0.6798198606925814,94.0795419559876,92.00543462209176,26.570660511172846,9.888090125165744,9.0,58.43891272376395,57.158890693829754,25.643115659790123,271.9859999999995,0.9106838093070886,1,882.8635682158921,902.8830584707646,0,86,86
3,87,6577,327.0,939.0,1.0,1.3290713013719015,0.873763356741315,1.0,0.5019078144078144,0.39311637858985404,133.94846458612486,136.517398158623,29.614185789921695,11.006099891903204,10.0,70.72758310048461,65.1460111795306,-36.54971980941813,458.51999999999845,0.8388495631656144,1,334.70518473468144,933.4416907404592,0,87,87
3,88,8691,484.0,954.0,1.0,1.4977081467704618,0.9058342585650143,1.0,0.4264056520459229,0.37706938912790816,167.33497352485102,177.2596964907703,32.31098884280702,11.856160984141464,10.63014581273465,73.27406233481935,70.88849386008343,-37.14331517676319,538.181999999998,0.8496847045021264,1,484.9344149119779,947.5487285697849,0,88,88
3,89,9331,621.0,888.0,1.0,1.6836892200400664,0.7356698227861587,1.0,0.36925207756232686,0.13715317025174203,165.29842979389738,189.59430371189953,33.54101966249684,10.219020673617775,7.211102550927978,123.43095235798839,111.96329166692918,11.740730980100574,924.625999999996,0.5726120708170968,1,592.2607437573679,890.5013396206194,0,89,89
3,90,5846,695.0,962.0,1.0,1.206026389400304,0.819702095558882,1.0,0.623706390696682,0.5451475977323083,116.09094133287995,119.01680553602503,29.732137494637012,11.256726856193717,10.0,73.40139444099378,66.49573945071356,-31.97929686832625,367.09399999999886,0.8980720485444352,1,709.2150188162847,955.0749230242901,0,90,90
3,91,6237,67.0,967.0,1.0,1.4351002798326027,0.9074296870812779,1.0,0.7557251908396947,0.6102976598332168,138.95089664108016,137.99275343292487,29.5296461204668,12.030155411263209,11.40175425099138,59.98438152883849,58.38771618808894,-9.912824835810664,358.3619999999994,0.936135084427767,1,61.4606381273048,966.9267275933943,0,91,91
3,92,4088,803.0,946.0,1.0,1.325525024009293,0.7507499902839703,1.0,0.5433280170122275,0.3765975310006425,97.8782325219252,104.31682510506155,26.68332812825267,8.692786029444143,7.0710678118654755,66.43500571535594,64.65703372165213,-58.622255085676585,369.3359999999992,0.8076657117455303,1,804.2607632093933,934.5699608610568,0,92,92
3,93,3587,895.0,969.0,1.0,2.20272343124839,0.9474264498230777,1.0,0.5626666666666666,0.3410047136502013,134.8741591832684,125.60254774486066,20.591260281974,6.858501561171342,6.0,47.62761153502213,43.15617394461935,3.318946131488503,363.5719999999992,0.7459706769262764,1,925.3758015054362,967.5656537496516,0,93,93
3,94,3559,619.0,997.0,1.0,1.219263651238149,0.7963445032996929,1.0,0.7405326674989596,0.4648172815903147,89.83313138960166,91.92388155425118,24.515301344262525,9.172375345046323,8.06225774829855,53.0,54.33496871651553,3.2463991099428555,310.1899999999995,0.8651999513796039,1,608.1005900533858,997.3793200337174,0,94,94
3,95,2542,256.0,995.0,1.0,1.2874511135164293,0.8118285148335953,1.0,0.5717498875393612,0.44003483705243546,78.7501842540677,80.95677859203639,21.213203435596427,7.233106501450623,6.324555320336759,53.109274710827734,45.98191243904245,-31.482161633343665,269.4319999999997,0.8671328671328671,1,249.330448465775,999.9012588512982,0,95,95
3,96,6855,111.0,1023.0,1.0,3.111960620254927,0.9733787673124875,1.0,0.3192827200745226,0.22934041648235634,226.72440302878329,204.94877408757534,30.364452901377952,8.847353646912637,7.615773105863909,52.512426111754095,51.96579471232314,-29.538909538555966,612.8699999999982,0.757416717308436,1,176.30765864332605,974.6835886214442,0,96,96
3,97,6971,327.0,1006.0,1.0,1.685765461398802,0.835001711805629,1.0,0.4110259433962264,0.17441447797667117,151.29321889488733,159.38004893963358,25.019992006393608,8.162354918861876,7.0710678118654755,105.0,83.24869209619357,-7.646982021745235,708.697999999998,0.6681042744872532,1,366.36278869602637,993.6418017501076,0,97,97
